Copyright 1986-2018 Xilinx, Inc. All Rights Reserved.
-----------------------------------------------------------------------------------------------------------------------------------------------------------------------------------------------
| Tool Version : Vivado v.2018.1 (win64) Build 2188600 Wed Apr  4 18:40:38 MDT 2018
| Date         : Sat Oct  3 18:15:42 2026
| Host         : JRestovich running 64-bit major release  (build 9200)
| Command      : report_timing_summary -max_paths 10 -file uart_top_timing_summary_routed.rpt -pb uart_top_timing_summary_routed.pb -rpx uart_top_timing_summary_routed.rpx -warn_on_violation
| Design       : uart_top
| Device       : 7z010-clg400
| Speed File   : -1  PRODUCTION 1.11 2014-09-11
-----------------------------------------------------------------------------------------------------------------------------------------------------------------------------------------------

Timing Summary Report

------------------------------------------------------------------------------------------------
| Timer Settings
| --------------
------------------------------------------------------------------------------------------------

  Enable Multi Corner Analysis               :  Yes
  Enable Pessimism Removal                   :  Yes
  Pessimism Removal Resolution               :  Nearest Common Node
  Enable Input Delay Default Clock           :  No
  Enable Preset / Clear Arcs                 :  No
  Disable Flight Delays                      :  No
  Ignore I/O Paths                           :  No
  Timing Early Launch at Borrowing Latches   :  false

  Corner  Analyze    Analyze    
  Name    Max Paths  Min Paths  
  ------  ---------  ---------  
  Slow    Yes        Yes        
  Fast    Yes        Yes        



check_timing report

Table of Contents
-----------------
1. checking no_clock
2. checking constant_clock
3. checking pulse_width_clock
4. checking unconstrained_internal_endpoints
5. checking no_input_delay
6. checking no_output_delay
7. checking multiple_clock
8. checking generated_clocks
9. checking loops
10. checking partial_input_delay
11. checking partial_output_delay
12. checking latch_loops

1. checking no_clock
--------------------
 There are 0 register/latch pins with no clock.


2. checking constant_clock
--------------------------
 There are 0 register/latch pins with constant_clock.


3. checking pulse_width_clock
-----------------------------
 There are 0 register/latch pins which need pulse_width check


4. checking unconstrained_internal_endpoints
--------------------------------------------
 There are 0 pins that are not constrained for maximum delay.

 There are 0 pins that are not constrained for maximum delay due to constant clock.


5. checking no_input_delay
--------------------------
 There is 1 input port with no input delay specified. (HIGH)

 There are 0 input ports with no input delay but user has a false path constraint.


6. checking no_output_delay
---------------------------
 There are 0 ports with no output delay specified.

 There are 0 ports with no output delay but user has a false path constraint

 There are 0 ports with no output delay but with a timing clock defined on it or propagating through it


7. checking multiple_clock
--------------------------
 There are 0 register/latch pins with multiple clocks.


8. checking generated_clocks
----------------------------
 There are 0 generated clocks that are not connected to a clock source.


9. checking loops
-----------------
 There are 0 combinational loops in the design.


10. checking partial_input_delay
--------------------------------
 There are 0 input ports with partial input delay specified.


11. checking partial_output_delay
---------------------------------
 There are 0 ports with partial output delay specified.


12. checking latch_loops
------------------------
 There are 0 combinational latch loops in the design through latch input



------------------------------------------------------------------------------------------------
| Design Timing Summary
| ---------------------
------------------------------------------------------------------------------------------------

    WNS(ns)      TNS(ns)  TNS Failing Endpoints  TNS Total Endpoints      WHS(ns)      THS(ns)  THS Failing Endpoints  THS Total Endpoints     WPWS(ns)     TPWS(ns)  TPWS Failing Endpoints  TPWS Total Endpoints  
    -------      -------  ---------------------  -------------------      -------      -------  ---------------------  -------------------     --------     --------  ----------------------  --------------------  
     -0.449       -1.422                      4                  107        0.059        0.000                      0                  107        3.500        0.000                       0                    48  


Timing constraints are not met.


------------------------------------------------------------------------------------------------
| Clock Summary
| -------------
------------------------------------------------------------------------------------------------

Clock          Waveform(ns)         Period(ns)      Frequency(MHz)
-----          ------------         ----------      --------------
clk_pin        {0.000 4.000}        8.000           125.000         
virtual_clock  {0.000 4.000}        8.000           125.000         


------------------------------------------------------------------------------------------------
| Intra Clock Table
| -----------------
------------------------------------------------------------------------------------------------

Clock             WNS(ns)      TNS(ns)  TNS Failing Endpoints  TNS Total Endpoints      WHS(ns)      THS(ns)  THS Failing Endpoints  THS Total Endpoints     WPWS(ns)     TPWS(ns)  TPWS Failing Endpoints  TPWS Total Endpoints  
-----             -------      -------  ---------------------  -------------------      -------      -------  ---------------------  -------------------     --------     --------  ----------------------  --------------------  
clk_pin             4.187        0.000                      0                  101        0.077        0.000                      0                  101        3.500        0.000                       0                    48  


------------------------------------------------------------------------------------------------
| Inter Clock Table
| -----------------
------------------------------------------------------------------------------------------------

From Clock     To Clock           WNS(ns)      TNS(ns)  TNS Failing Endpoints  TNS Total Endpoints      WHS(ns)      THS(ns)  THS Failing Endpoints  THS Total Endpoints  
----------     --------           -------      -------  ---------------------  -------------------      -------      -------  ---------------------  -------------------  
virtual_clock  clk_pin              5.200        0.000                      0                    2        0.136        0.000                      0                    2  
clk_pin        virtual_clock       -0.449       -1.422                      4                    4        0.059        0.000                      0                    4  


------------------------------------------------------------------------------------------------
| Other Path Groups Table
| -----------------------
------------------------------------------------------------------------------------------------

Path Group    From Clock    To Clock          WNS(ns)      TNS(ns)  TNS Failing Endpoints  TNS Total Endpoints      WHS(ns)      THS(ns)  THS Failing Endpoints  THS Total Endpoints  
----------    ----------    --------          -------      -------  ---------------------  -------------------      -------      -------  ---------------------  -------------------  


------------------------------------------------------------------------------------------------
| Timing Details
| --------------
------------------------------------------------------------------------------------------------


---------------------------------------------------------------------------------------------------
From Clock:  clk_pin
  To Clock:  clk_pin

Setup :            0  Failing Endpoints,  Worst Slack        4.187ns,  Total Violation        0.000ns
Hold  :            0  Failing Endpoints,  Worst Slack        0.077ns,  Total Violation        0.000ns
PW    :            0  Failing Endpoints,  Worst Slack        3.500ns,  Total Violation        0.000ns
---------------------------------------------------------------------------------------------------


Max Delay Paths
--------------------------------------------------------------------------------------
Slack (MET) :             4.187ns  (required time - arrival time)
  Source:                 U0/uart_rx_i0/meta_harden_rxd_i0/signal_dst_reg/C
                            (rising edge-triggered cell FDRE clocked by clk_pin  {rise@0.000ns fall@4.000ns period=8.000ns})
  Destination:            U0/uart_rx_i0/uart_rx_ctl_i0/over_sample_cnt_reg[3]/D
                            (rising edge-triggered cell FDRE clocked by clk_pin  {rise@0.000ns fall@4.000ns period=8.000ns})
  Path Group:             clk_pin
  Path Type:              Setup (Max at Slow Process Corner)
  Requirement:            8.000ns  (clk_pin rise@8.000ns - clk_pin rise@0.000ns)
  Data Path Delay:        3.490ns  (logic 1.162ns (33.294%)  route 2.328ns (66.706%))
  Logic Levels:           2  (LUT3=1 LUT5=1)
  Clock Path Skew:        -0.024ns (DCD - SCD + CPR)
    Destination Clock Delay (DCD):    4.938ns = ( 12.938 - 8.000 ) 
    Source Clock Delay      (SCD):    5.391ns
    Clock Pessimism Removal (CPR):    0.429ns
  Clock Uncertainty:      0.035ns  ((TSJ^2 + TIJ^2)^1/2 + DJ) / 2 + PE
    Total System Jitter     (TSJ):    0.071ns
    Total Input Jitter      (TIJ):    0.000ns
    Discrete Jitter          (DJ):    0.000ns
    Phase Error              (PE):    0.000ns

    Location             Delay type                Incr(ns)  Path(ns)    Netlist Resource(s)
  -------------------------------------------------------------------    -------------------
                         (clock clk_pin rise edge)    0.000     0.000 r  
    H16                                               0.000     0.000 r  clk_pin (IN)
                         net (fo=0)                   0.000     0.000    clk_pin
    H16                  IBUF (Prop_ibuf_I_O)         1.457     1.457 r  clk_pin_IBUF_inst/O
                         net (fo=1, routed)           2.076     3.533    clk_pin_IBUF
    BUFGCTRL_X0Y16       BUFG (Prop_bufg_I_O)         0.101     3.634 r  clk_pin_IBUF_BUFG_inst/O
                         net (fo=47, routed)          1.757     5.391    U0/uart_rx_i0/meta_harden_rxd_i0/CLK
    SLICE_X42Y46         FDRE                                         r  U0/uart_rx_i0/meta_harden_rxd_i0/signal_dst_reg/C
  -------------------------------------------------------------------    -------------------
    SLICE_X42Y46         FDRE (Prop_fdre_C_Q)         0.478     5.869 f  U0/uart_rx_i0/meta_harden_rxd_i0/signal_dst_reg/Q
                         net (fo=16, routed)          1.060     6.929    U0/uart_rx_i0/uart_rx_ctl_i0/signal_dst_reg
    SLICE_X41Y46         LUT3 (Prop_lut3_I0_O)        0.331     7.260 r  U0/uart_rx_i0/uart_rx_ctl_i0/over_sample_cnt[3]_i_3/O
                         net (fo=1, routed)           0.794     8.054    U0/uart_rx_i0/uart_rx_ctl_i0/over_sample_cnt[3]_i_3_n_0
    SLICE_X40Y49         LUT5 (Prop_lut5_I0_O)        0.353     8.407 r  U0/uart_rx_i0/uart_rx_ctl_i0/over_sample_cnt[3]_i_2/O
                         net (fo=1, routed)           0.475     8.881    U0/uart_rx_i0/uart_rx_ctl_i0/p_0_in[3]
    SLICE_X41Y48         FDRE                                         r  U0/uart_rx_i0/uart_rx_ctl_i0/over_sample_cnt_reg[3]/D
  -------------------------------------------------------------------    -------------------

                         (clock clk_pin rise edge)    8.000     8.000 r  
    H16                                               0.000     8.000 r  clk_pin (IN)
                         net (fo=0)                   0.000     8.000    clk_pin
    H16                  IBUF (Prop_ibuf_I_O)         1.387     9.387 r  clk_pin_IBUF_inst/O
                         net (fo=1, routed)           1.880    11.267    clk_pin_IBUF
    BUFGCTRL_X0Y16       BUFG (Prop_bufg_I_O)         0.091    11.358 r  clk_pin_IBUF_BUFG_inst/O
                         net (fo=47, routed)          1.580    12.938    U0/uart_rx_i0/uart_rx_ctl_i0/CLK
    SLICE_X41Y48         FDRE                                         r  U0/uart_rx_i0/uart_rx_ctl_i0/over_sample_cnt_reg[3]/C
                         clock pessimism              0.429    13.367    
                         clock uncertainty           -0.035    13.332    
    SLICE_X41Y48         FDRE (Setup_fdre_C_D)       -0.264    13.068    U0/uart_rx_i0/uart_rx_ctl_i0/over_sample_cnt_reg[3]
  -------------------------------------------------------------------
                         required time                         13.068    
                         arrival time                          -8.881    
  -------------------------------------------------------------------
                         slack                                  4.187    

Slack (MET) :             4.630ns  (required time - arrival time)
  Source:                 U0/uart_rx_i0/uart_rx_ctl_i0/bit_cnt_reg[0]/C
                            (rising edge-triggered cell FDRE clocked by clk_pin  {rise@0.000ns fall@4.000ns period=8.000ns})
  Destination:            U0/uart_rx_i0/uart_rx_ctl_i0/FSM_sequential_state_reg[1]/CE
                            (rising edge-triggered cell FDRE clocked by clk_pin  {rise@0.000ns fall@4.000ns period=8.000ns})
  Path Group:             clk_pin
  Path Type:              Setup (Max at Slow Process Corner)
  Requirement:            8.000ns  (clk_pin rise@8.000ns - clk_pin rise@0.000ns)
  Data Path Delay:        3.103ns  (logic 0.900ns (29.002%)  route 2.203ns (70.998%))
  Logic Levels:           2  (LUT3=1 LUT6=1)
  Clock Path Skew:        -0.026ns (DCD - SCD + CPR)
    Destination Clock Delay (DCD):    4.937ns = ( 12.937 - 8.000 ) 
    Source Clock Delay      (SCD):    5.392ns
    Clock Pessimism Removal (CPR):    0.429ns
  Clock Uncertainty:      0.035ns  ((TSJ^2 + TIJ^2)^1/2 + DJ) / 2 + PE
    Total System Jitter     (TSJ):    0.071ns
    Total Input Jitter      (TIJ):    0.000ns
    Discrete Jitter          (DJ):    0.000ns
    Phase Error              (PE):    0.000ns

    Location             Delay type                Incr(ns)  Path(ns)    Netlist Resource(s)
  -------------------------------------------------------------------    -------------------
                         (clock clk_pin rise edge)    0.000     0.000 r  
    H16                                               0.000     0.000 r  clk_pin (IN)
                         net (fo=0)                   0.000     0.000    clk_pin
    H16                  IBUF (Prop_ibuf_I_O)         1.457     1.457 r  clk_pin_IBUF_inst/O
                         net (fo=1, routed)           2.076     3.533    clk_pin_IBUF
    BUFGCTRL_X0Y16       BUFG (Prop_bufg_I_O)         0.101     3.634 r  clk_pin_IBUF_BUFG_inst/O
                         net (fo=47, routed)          1.758     5.392    U0/uart_rx_i0/uart_rx_ctl_i0/CLK
    SLICE_X40Y49         FDRE                                         r  U0/uart_rx_i0/uart_rx_ctl_i0/bit_cnt_reg[0]/C
  -------------------------------------------------------------------    -------------------
    SLICE_X40Y49         FDRE (Prop_fdre_C_Q)         0.456     5.848 r  U0/uart_rx_i0/uart_rx_ctl_i0/bit_cnt_reg[0]/Q
                         net (fo=14, routed)          0.783     6.631    U0/uart_rx_i0/uart_rx_ctl_i0/bit_cnt_reg_n_0_[0]
    SLICE_X42Y47         LUT3 (Prop_lut3_I1_O)        0.116     6.747 r  U0/uart_rx_i0/uart_rx_ctl_i0/FSM_sequential_state[1]_i_3/O
                         net (fo=4, routed)           0.841     7.588    U0/uart_rx_i0/uart_rx_ctl_i0/bit_cnt_done__1
    SLICE_X41Y46         LUT6 (Prop_lut6_I1_O)        0.328     7.916 r  U0/uart_rx_i0/uart_rx_ctl_i0/FSM_sequential_state[1]_i_1/O
                         net (fo=4, routed)           0.580     8.495    U0/uart_rx_i0/uart_rx_ctl_i0/FSM_sequential_state[1]_i_1_n_0
    SLICE_X40Y46         FDRE                                         r  U0/uart_rx_i0/uart_rx_ctl_i0/FSM_sequential_state_reg[1]/CE
  -------------------------------------------------------------------    -------------------

                         (clock clk_pin rise edge)    8.000     8.000 r  
    H16                                               0.000     8.000 r  clk_pin (IN)
                         net (fo=0)                   0.000     8.000    clk_pin
    H16                  IBUF (Prop_ibuf_I_O)         1.387     9.387 r  clk_pin_IBUF_inst/O
                         net (fo=1, routed)           1.880    11.267    clk_pin_IBUF
    BUFGCTRL_X0Y16       BUFG (Prop_bufg_I_O)         0.091    11.358 r  clk_pin_IBUF_BUFG_inst/O
                         net (fo=47, routed)          1.579    12.937    U0/uart_rx_i0/uart_rx_ctl_i0/CLK
    SLICE_X40Y46         FDRE                                         r  U0/uart_rx_i0/uart_rx_ctl_i0/FSM_sequential_state_reg[1]/C
                         clock pessimism              0.429    13.366    
                         clock uncertainty           -0.035    13.331    
    SLICE_X40Y46         FDRE (Setup_fdre_C_CE)      -0.205    13.126    U0/uart_rx_i0/uart_rx_ctl_i0/FSM_sequential_state_reg[1]
  -------------------------------------------------------------------
                         required time                         13.126    
                         arrival time                          -8.495    
  -------------------------------------------------------------------
                         slack                                  4.630    

Slack (MET) :             4.653ns  (required time - arrival time)
  Source:                 U0/meta_harden_rst_i0/signal_dst_reg/C
                            (rising edge-triggered cell FDRE clocked by clk_pin  {rise@0.000ns fall@4.000ns period=8.000ns})
  Destination:            U0/led_ctl_i0/led_pipeline_reg_reg[0]/CE
                            (rising edge-triggered cell FDRE clocked by clk_pin  {rise@0.000ns fall@4.000ns period=8.000ns})
  Path Group:             clk_pin
  Path Type:              Setup (Max at Slow Process Corner)
  Requirement:            8.000ns  (clk_pin rise@8.000ns - clk_pin rise@0.000ns)
  Data Path Delay:        2.964ns  (logic 0.642ns (21.663%)  route 2.322ns (78.337%))
  Logic Levels:           1  (LUT1=1)
  Clock Path Skew:        -0.143ns (DCD - SCD + CPR)
    Destination Clock Delay (DCD):    4.935ns = ( 12.935 - 8.000 ) 
    Source Clock Delay      (SCD):    5.354ns
    Clock Pessimism Removal (CPR):    0.276ns
  Clock Uncertainty:      0.035ns  ((TSJ^2 + TIJ^2)^1/2 + DJ) / 2 + PE
    Total System Jitter     (TSJ):    0.071ns
    Total Input Jitter      (TIJ):    0.000ns
    Discrete Jitter          (DJ):    0.000ns
    Phase Error              (PE):    0.000ns

    Location             Delay type                Incr(ns)  Path(ns)    Netlist Resource(s)
  -------------------------------------------------------------------    -------------------
                         (clock clk_pin rise edge)    0.000     0.000 r  
    H16                                               0.000     0.000 r  clk_pin (IN)
                         net (fo=0)                   0.000     0.000    clk_pin
    H16                  IBUF (Prop_ibuf_I_O)         1.457     1.457 r  clk_pin_IBUF_inst/O
                         net (fo=1, routed)           2.076     3.533    clk_pin_IBUF
    BUFGCTRL_X0Y16       BUFG (Prop_bufg_I_O)         0.101     3.634 r  clk_pin_IBUF_BUFG_inst/O
                         net (fo=47, routed)          1.720     5.354    U0/meta_harden_rst_i0/CLK
    SLICE_X42Y75         FDRE                                         r  U0/meta_harden_rst_i0/signal_dst_reg/C
  -------------------------------------------------------------------    -------------------
    SLICE_X42Y75         FDRE (Prop_fdre_C_Q)         0.518     5.872 f  U0/meta_harden_rst_i0/signal_dst_reg/Q
                         net (fo=42, routed)          1.488     7.360    U0/meta_harden_rst_i0/rst_clk_rx
    SLICE_X43Y49         LUT1 (Prop_lut1_I0_O)        0.124     7.484 r  U0/meta_harden_rst_i0/led_pipeline_reg[3]_i_1/O
                         net (fo=4, routed)           0.834     8.318    U0/led_ctl_i0/signal_dst_reg[0]
    SLICE_X43Y39         FDRE                                         r  U0/led_ctl_i0/led_pipeline_reg_reg[0]/CE
  -------------------------------------------------------------------    -------------------

                         (clock clk_pin rise edge)    8.000     8.000 r  
    H16                                               0.000     8.000 r  clk_pin (IN)
                         net (fo=0)                   0.000     8.000    clk_pin
    H16                  IBUF (Prop_ibuf_I_O)         1.387     9.387 r  clk_pin_IBUF_inst/O
                         net (fo=1, routed)           1.880    11.267    clk_pin_IBUF
    BUFGCTRL_X0Y16       BUFG (Prop_bufg_I_O)         0.091    11.358 r  clk_pin_IBUF_BUFG_inst/O
                         net (fo=47, routed)          1.577    12.935    U0/led_ctl_i0/CLK
    SLICE_X43Y39         FDRE                                         r  U0/led_ctl_i0/led_pipeline_reg_reg[0]/C
                         clock pessimism              0.276    13.212    
                         clock uncertainty           -0.035    13.176    
    SLICE_X43Y39         FDRE (Setup_fdre_C_CE)      -0.205    12.971    U0/led_ctl_i0/led_pipeline_reg_reg[0]
  -------------------------------------------------------------------
                         required time                         12.971    
                         arrival time                          -8.318    
  -------------------------------------------------------------------
                         slack                                  4.653    

Slack (MET) :             4.653ns  (required time - arrival time)
  Source:                 U0/meta_harden_rst_i0/signal_dst_reg/C
                            (rising edge-triggered cell FDRE clocked by clk_pin  {rise@0.000ns fall@4.000ns period=8.000ns})
  Destination:            U0/led_ctl_i0/led_pipeline_reg_reg[1]/CE
                            (rising edge-triggered cell FDRE clocked by clk_pin  {rise@0.000ns fall@4.000ns period=8.000ns})
  Path Group:             clk_pin
  Path Type:              Setup (Max at Slow Process Corner)
  Requirement:            8.000ns  (clk_pin rise@8.000ns - clk_pin rise@0.000ns)
  Data Path Delay:        2.964ns  (logic 0.642ns (21.663%)  route 2.322ns (78.337%))
  Logic Levels:           1  (LUT1=1)
  Clock Path Skew:        -0.143ns (DCD - SCD + CPR)
    Destination Clock Delay (DCD):    4.935ns = ( 12.935 - 8.000 ) 
    Source Clock Delay      (SCD):    5.354ns
    Clock Pessimism Removal (CPR):    0.276ns
  Clock Uncertainty:      0.035ns  ((TSJ^2 + TIJ^2)^1/2 + DJ) / 2 + PE
    Total System Jitter     (TSJ):    0.071ns
    Total Input Jitter      (TIJ):    0.000ns
    Discrete Jitter          (DJ):    0.000ns
    Phase Error              (PE):    0.000ns

    Location             Delay type                Incr(ns)  Path(ns)    Netlist Resource(s)
  -------------------------------------------------------------------    -------------------
                         (clock clk_pin rise edge)    0.000     0.000 r  
    H16                                               0.000     0.000 r  clk_pin (IN)
                         net (fo=0)                   0.000     0.000    clk_pin
    H16                  IBUF (Prop_ibuf_I_O)         1.457     1.457 r  clk_pin_IBUF_inst/O
                         net (fo=1, routed)           2.076     3.533    clk_pin_IBUF
    BUFGCTRL_X0Y16       BUFG (Prop_bufg_I_O)         0.101     3.634 r  clk_pin_IBUF_BUFG_inst/O
                         net (fo=47, routed)          1.720     5.354    U0/meta_harden_rst_i0/CLK
    SLICE_X42Y75         FDRE                                         r  U0/meta_harden_rst_i0/signal_dst_reg/C
  -------------------------------------------------------------------    -------------------
    SLICE_X42Y75         FDRE (Prop_fdre_C_Q)         0.518     5.872 f  U0/meta_harden_rst_i0/signal_dst_reg/Q
                         net (fo=42, routed)          1.488     7.360    U0/meta_harden_rst_i0/rst_clk_rx
    SLICE_X43Y49         LUT1 (Prop_lut1_I0_O)        0.124     7.484 r  U0/meta_harden_rst_i0/led_pipeline_reg[3]_i_1/O
                         net (fo=4, routed)           0.834     8.318    U0/led_ctl_i0/signal_dst_reg[0]
    SLICE_X43Y39         FDRE                                         r  U0/led_ctl_i0/led_pipeline_reg_reg[1]/CE
  -------------------------------------------------------------------    -------------------

                         (clock clk_pin rise edge)    8.000     8.000 r  
    H16                                               0.000     8.000 r  clk_pin (IN)
                         net (fo=0)                   0.000     8.000    clk_pin
    H16                  IBUF (Prop_ibuf_I_O)         1.387     9.387 r  clk_pin_IBUF_inst/O
                         net (fo=1, routed)           1.880    11.267    clk_pin_IBUF
    BUFGCTRL_X0Y16       BUFG (Prop_bufg_I_O)         0.091    11.358 r  clk_pin_IBUF_BUFG_inst/O
                         net (fo=47, routed)          1.577    12.935    U0/led_ctl_i0/CLK
    SLICE_X43Y39         FDRE                                         r  U0/led_ctl_i0/led_pipeline_reg_reg[1]/C
                         clock pessimism              0.276    13.212    
                         clock uncertainty           -0.035    13.176    
    SLICE_X43Y39         FDRE (Setup_fdre_C_CE)      -0.205    12.971    U0/led_ctl_i0/led_pipeline_reg_reg[1]
  -------------------------------------------------------------------
                         required time                         12.971    
                         arrival time                          -8.318    
  -------------------------------------------------------------------
                         slack                                  4.653    

Slack (MET) :             4.748ns  (required time - arrival time)
  Source:                 U0/meta_harden_rst_i0/signal_dst_reg/C
                            (rising edge-triggered cell FDRE clocked by clk_pin  {rise@0.000ns fall@4.000ns period=8.000ns})
  Destination:            U0/led_ctl_i0/led_pipeline_reg_reg[2]/CE
                            (rising edge-triggered cell FDRE clocked by clk_pin  {rise@0.000ns fall@4.000ns period=8.000ns})
  Path Group:             clk_pin
  Path Type:              Setup (Max at Slow Process Corner)
  Requirement:            8.000ns  (clk_pin rise@8.000ns - clk_pin rise@0.000ns)
  Data Path Delay:        2.969ns  (logic 0.642ns (21.624%)  route 2.327ns (78.377%))
  Logic Levels:           1  (LUT1=1)
  Clock Path Skew:        -0.043ns (DCD - SCD + CPR)
    Destination Clock Delay (DCD):    4.921ns = ( 12.921 - 8.000 ) 
    Source Clock Delay      (SCD):    5.354ns
    Clock Pessimism Removal (CPR):    0.391ns
  Clock Uncertainty:      0.035ns  ((TSJ^2 + TIJ^2)^1/2 + DJ) / 2 + PE
    Total System Jitter     (TSJ):    0.071ns
    Total Input Jitter      (TIJ):    0.000ns
    Discrete Jitter          (DJ):    0.000ns
    Phase Error              (PE):    0.000ns

    Location             Delay type                Incr(ns)  Path(ns)    Netlist Resource(s)
  -------------------------------------------------------------------    -------------------
                         (clock clk_pin rise edge)    0.000     0.000 r  
    H16                                               0.000     0.000 r  clk_pin (IN)
                         net (fo=0)                   0.000     0.000    clk_pin
    H16                  IBUF (Prop_ibuf_I_O)         1.457     1.457 r  clk_pin_IBUF_inst/O
                         net (fo=1, routed)           2.076     3.533    clk_pin_IBUF
    BUFGCTRL_X0Y16       BUFG (Prop_bufg_I_O)         0.101     3.634 r  clk_pin_IBUF_BUFG_inst/O
                         net (fo=47, routed)          1.720     5.354    U0/meta_harden_rst_i0/CLK
    SLICE_X42Y75         FDRE                                         r  U0/meta_harden_rst_i0/signal_dst_reg/C
  -------------------------------------------------------------------    -------------------
    SLICE_X42Y75         FDRE (Prop_fdre_C_Q)         0.518     5.872 f  U0/meta_harden_rst_i0/signal_dst_reg/Q
                         net (fo=42, routed)          1.488     7.360    U0/meta_harden_rst_i0/rst_clk_rx
    SLICE_X43Y49         LUT1 (Prop_lut1_I0_O)        0.124     7.484 r  U0/meta_harden_rst_i0/led_pipeline_reg[3]_i_1/O
                         net (fo=4, routed)           0.839     8.323    U0/led_ctl_i0/signal_dst_reg[0]
    SLICE_X43Y54         FDRE                                         r  U0/led_ctl_i0/led_pipeline_reg_reg[2]/CE
  -------------------------------------------------------------------    -------------------

                         (clock clk_pin rise edge)    8.000     8.000 r  
    H16                                               0.000     8.000 r  clk_pin (IN)
                         net (fo=0)                   0.000     8.000    clk_pin
    H16                  IBUF (Prop_ibuf_I_O)         1.387     9.387 r  clk_pin_IBUF_inst/O
                         net (fo=1, routed)           1.880    11.267    clk_pin_IBUF
    BUFGCTRL_X0Y16       BUFG (Prop_bufg_I_O)         0.091    11.358 r  clk_pin_IBUF_BUFG_inst/O
                         net (fo=47, routed)          1.563    12.921    U0/led_ctl_i0/CLK
    SLICE_X43Y54         FDRE                                         r  U0/led_ctl_i0/led_pipeline_reg_reg[2]/C
                         clock pessimism              0.391    13.311    
                         clock uncertainty           -0.035    13.276    
    SLICE_X43Y54         FDRE (Setup_fdre_C_CE)      -0.205    13.071    U0/led_ctl_i0/led_pipeline_reg_reg[2]
  -------------------------------------------------------------------
                         required time                         13.071    
                         arrival time                          -8.323    
  -------------------------------------------------------------------
                         slack                                  4.748    

Slack (MET) :             4.748ns  (required time - arrival time)
  Source:                 U0/meta_harden_rst_i0/signal_dst_reg/C
                            (rising edge-triggered cell FDRE clocked by clk_pin  {rise@0.000ns fall@4.000ns period=8.000ns})
  Destination:            U0/led_ctl_i0/led_pipeline_reg_reg[3]/CE
                            (rising edge-triggered cell FDRE clocked by clk_pin  {rise@0.000ns fall@4.000ns period=8.000ns})
  Path Group:             clk_pin
  Path Type:              Setup (Max at Slow Process Corner)
  Requirement:            8.000ns  (clk_pin rise@8.000ns - clk_pin rise@0.000ns)
  Data Path Delay:        2.969ns  (logic 0.642ns (21.624%)  route 2.327ns (78.377%))
  Logic Levels:           1  (LUT1=1)
  Clock Path Skew:        -0.043ns (DCD - SCD + CPR)
    Destination Clock Delay (DCD):    4.921ns = ( 12.921 - 8.000 ) 
    Source Clock Delay      (SCD):    5.354ns
    Clock Pessimism Removal (CPR):    0.391ns
  Clock Uncertainty:      0.035ns  ((TSJ^2 + TIJ^2)^1/2 + DJ) / 2 + PE
    Total System Jitter     (TSJ):    0.071ns
    Total Input Jitter      (TIJ):    0.000ns
    Discrete Jitter          (DJ):    0.000ns
    Phase Error              (PE):    0.000ns

    Location             Delay type                Incr(ns)  Path(ns)    Netlist Resource(s)
  -------------------------------------------------------------------    -------------------
                         (clock clk_pin rise edge)    0.000     0.000 r  
    H16                                               0.000     0.000 r  clk_pin (IN)
                         net (fo=0)                   0.000     0.000    clk_pin
    H16                  IBUF (Prop_ibuf_I_O)         1.457     1.457 r  clk_pin_IBUF_inst/O
                         net (fo=1, routed)           2.076     3.533    clk_pin_IBUF
    BUFGCTRL_X0Y16       BUFG (Prop_bufg_I_O)         0.101     3.634 r  clk_pin_IBUF_BUFG_inst/O
                         net (fo=47, routed)          1.720     5.354    U0/meta_harden_rst_i0/CLK
    SLICE_X42Y75         FDRE                                         r  U0/meta_harden_rst_i0/signal_dst_reg/C
  -------------------------------------------------------------------    -------------------
    SLICE_X42Y75         FDRE (Prop_fdre_C_Q)         0.518     5.872 f  U0/meta_harden_rst_i0/signal_dst_reg/Q
                         net (fo=42, routed)          1.488     7.360    U0/meta_harden_rst_i0/rst_clk_rx
    SLICE_X43Y49         LUT1 (Prop_lut1_I0_O)        0.124     7.484 r  U0/meta_harden_rst_i0/led_pipeline_reg[3]_i_1/O
                         net (fo=4, routed)           0.839     8.323    U0/led_ctl_i0/signal_dst_reg[0]
    SLICE_X43Y54         FDRE                                         r  U0/led_ctl_i0/led_pipeline_reg_reg[3]/CE
  -------------------------------------------------------------------    -------------------

                         (clock clk_pin rise edge)    8.000     8.000 r  
    H16                                               0.000     8.000 r  clk_pin (IN)
                         net (fo=0)                   0.000     8.000    clk_pin
    H16                  IBUF (Prop_ibuf_I_O)         1.387     9.387 r  clk_pin_IBUF_inst/O
                         net (fo=1, routed)           1.880    11.267    clk_pin_IBUF
    BUFGCTRL_X0Y16       BUFG (Prop_bufg_I_O)         0.091    11.358 r  clk_pin_IBUF_BUFG_inst/O
                         net (fo=47, routed)          1.563    12.921    U0/led_ctl_i0/CLK
    SLICE_X43Y54         FDRE                                         r  U0/led_ctl_i0/led_pipeline_reg_reg[3]/C
                         clock pessimism              0.391    13.311    
                         clock uncertainty           -0.035    13.276    
    SLICE_X43Y54         FDRE (Setup_fdre_C_CE)      -0.205    13.071    U0/led_ctl_i0/led_pipeline_reg_reg[3]
  -------------------------------------------------------------------
                         required time                         13.071    
                         arrival time                          -8.323    
  -------------------------------------------------------------------
                         slack                                  4.748    

Slack (MET) :             4.804ns  (required time - arrival time)
  Source:                 U0/meta_harden_rst_i0/signal_dst_reg/C
                            (rising edge-triggered cell FDRE clocked by clk_pin  {rise@0.000ns fall@4.000ns period=8.000ns})
  Destination:            U0/uart_rx_i0/uart_rx_ctl_i0/rx_data_reg[0]/R
                            (rising edge-triggered cell FDRE clocked by clk_pin  {rise@0.000ns fall@4.000ns period=8.000ns})
  Path Group:             clk_pin
  Path Type:              Setup (Max at Slow Process Corner)
  Requirement:            8.000ns  (clk_pin rise@8.000ns - clk_pin rise@0.000ns)
  Data Path Delay:        2.497ns  (logic 0.518ns (20.744%)  route 1.979ns (79.256%))
  Logic Levels:           0  
  Clock Path Skew:        -0.140ns (DCD - SCD + CPR)
    Destination Clock Delay (DCD):    4.938ns = ( 12.938 - 8.000 ) 
    Source Clock Delay      (SCD):    5.354ns
    Clock Pessimism Removal (CPR):    0.276ns
  Clock Uncertainty:      0.035ns  ((TSJ^2 + TIJ^2)^1/2 + DJ) / 2 + PE
    Total System Jitter     (TSJ):    0.071ns
    Total Input Jitter      (TIJ):    0.000ns
    Discrete Jitter          (DJ):    0.000ns
    Phase Error              (PE):    0.000ns

    Location             Delay type                Incr(ns)  Path(ns)    Netlist Resource(s)
  -------------------------------------------------------------------    -------------------
                         (clock clk_pin rise edge)    0.000     0.000 r  
    H16                                               0.000     0.000 r  clk_pin (IN)
                         net (fo=0)                   0.000     0.000    clk_pin
    H16                  IBUF (Prop_ibuf_I_O)         1.457     1.457 r  clk_pin_IBUF_inst/O
                         net (fo=1, routed)           2.076     3.533    clk_pin_IBUF
    BUFGCTRL_X0Y16       BUFG (Prop_bufg_I_O)         0.101     3.634 r  clk_pin_IBUF_BUFG_inst/O
                         net (fo=47, routed)          1.720     5.354    U0/meta_harden_rst_i0/CLK
    SLICE_X42Y75         FDRE                                         r  U0/meta_harden_rst_i0/signal_dst_reg/C
  -------------------------------------------------------------------    -------------------
    SLICE_X42Y75         FDRE (Prop_fdre_C_Q)         0.518     5.872 r  U0/meta_harden_rst_i0/signal_dst_reg/Q
                         net (fo=42, routed)          1.979     7.851    U0/uart_rx_i0/uart_rx_ctl_i0/rst_clk_rx
    SLICE_X42Y47         FDRE                                         r  U0/uart_rx_i0/uart_rx_ctl_i0/rx_data_reg[0]/R
  -------------------------------------------------------------------    -------------------

                         (clock clk_pin rise edge)    8.000     8.000 r  
    H16                                               0.000     8.000 r  clk_pin (IN)
                         net (fo=0)                   0.000     8.000    clk_pin
    H16                  IBUF (Prop_ibuf_I_O)         1.387     9.387 r  clk_pin_IBUF_inst/O
                         net (fo=1, routed)           1.880    11.267    clk_pin_IBUF
    BUFGCTRL_X0Y16       BUFG (Prop_bufg_I_O)         0.091    11.358 r  clk_pin_IBUF_BUFG_inst/O
                         net (fo=47, routed)          1.580    12.938    U0/uart_rx_i0/uart_rx_ctl_i0/CLK
    SLICE_X42Y47         FDRE                                         r  U0/uart_rx_i0/uart_rx_ctl_i0/rx_data_reg[0]/C
                         clock pessimism              0.276    13.215    
                         clock uncertainty           -0.035    13.179    
    SLICE_X42Y47         FDRE (Setup_fdre_C_R)       -0.524    12.655    U0/uart_rx_i0/uart_rx_ctl_i0/rx_data_reg[0]
  -------------------------------------------------------------------
                         required time                         12.655    
                         arrival time                          -7.851    
  -------------------------------------------------------------------
                         slack                                  4.804    

Slack (MET) :             4.804ns  (required time - arrival time)
  Source:                 U0/meta_harden_rst_i0/signal_dst_reg/C
                            (rising edge-triggered cell FDRE clocked by clk_pin  {rise@0.000ns fall@4.000ns period=8.000ns})
  Destination:            U0/uart_rx_i0/uart_rx_ctl_i0/rx_data_reg[1]/R
                            (rising edge-triggered cell FDRE clocked by clk_pin  {rise@0.000ns fall@4.000ns period=8.000ns})
  Path Group:             clk_pin
  Path Type:              Setup (Max at Slow Process Corner)
  Requirement:            8.000ns  (clk_pin rise@8.000ns - clk_pin rise@0.000ns)
  Data Path Delay:        2.497ns  (logic 0.518ns (20.744%)  route 1.979ns (79.256%))
  Logic Levels:           0  
  Clock Path Skew:        -0.140ns (DCD - SCD + CPR)
    Destination Clock Delay (DCD):    4.938ns = ( 12.938 - 8.000 ) 
    Source Clock Delay      (SCD):    5.354ns
    Clock Pessimism Removal (CPR):    0.276ns
  Clock Uncertainty:      0.035ns  ((TSJ^2 + TIJ^2)^1/2 + DJ) / 2 + PE
    Total System Jitter     (TSJ):    0.071ns
    Total Input Jitter      (TIJ):    0.000ns
    Discrete Jitter          (DJ):    0.000ns
    Phase Error              (PE):    0.000ns

    Location             Delay type                Incr(ns)  Path(ns)    Netlist Resource(s)
  -------------------------------------------------------------------    -------------------
                         (clock clk_pin rise edge)    0.000     0.000 r  
    H16                                               0.000     0.000 r  clk_pin (IN)
                         net (fo=0)                   0.000     0.000    clk_pin
    H16                  IBUF (Prop_ibuf_I_O)         1.457     1.457 r  clk_pin_IBUF_inst/O
                         net (fo=1, routed)           2.076     3.533    clk_pin_IBUF
    BUFGCTRL_X0Y16       BUFG (Prop_bufg_I_O)         0.101     3.634 r  clk_pin_IBUF_BUFG_inst/O
                         net (fo=47, routed)          1.720     5.354    U0/meta_harden_rst_i0/CLK
    SLICE_X42Y75         FDRE                                         r  U0/meta_harden_rst_i0/signal_dst_reg/C
  -------------------------------------------------------------------    -------------------
    SLICE_X42Y75         FDRE (Prop_fdre_C_Q)         0.518     5.872 r  U0/meta_harden_rst_i0/signal_dst_reg/Q
                         net (fo=42, routed)          1.979     7.851    U0/uart_rx_i0/uart_rx_ctl_i0/rst_clk_rx
    SLICE_X42Y47         FDRE                                         r  U0/uart_rx_i0/uart_rx_ctl_i0/rx_data_reg[1]/R
  -------------------------------------------------------------------    -------------------

                         (clock clk_pin rise edge)    8.000     8.000 r  
    H16                                               0.000     8.000 r  clk_pin (IN)
                         net (fo=0)                   0.000     8.000    clk_pin
    H16                  IBUF (Prop_ibuf_I_O)         1.387     9.387 r  clk_pin_IBUF_inst/O
                         net (fo=1, routed)           1.880    11.267    clk_pin_IBUF
    BUFGCTRL_X0Y16       BUFG (Prop_bufg_I_O)         0.091    11.358 r  clk_pin_IBUF_BUFG_inst/O
                         net (fo=47, routed)          1.580    12.938    U0/uart_rx_i0/uart_rx_ctl_i0/CLK
    SLICE_X42Y47         FDRE                                         r  U0/uart_rx_i0/uart_rx_ctl_i0/rx_data_reg[1]/C
                         clock pessimism              0.276    13.215    
                         clock uncertainty           -0.035    13.179    
    SLICE_X42Y47         FDRE (Setup_fdre_C_R)       -0.524    12.655    U0/uart_rx_i0/uart_rx_ctl_i0/rx_data_reg[1]
  -------------------------------------------------------------------
                         required time                         12.655    
                         arrival time                          -7.851    
  -------------------------------------------------------------------
                         slack                                  4.804    

Slack (MET) :             4.820ns  (required time - arrival time)
  Source:                 U0/uart_rx_i0/uart_rx_ctl_i0/bit_cnt_reg[0]/C
                            (rising edge-triggered cell FDRE clocked by clk_pin  {rise@0.000ns fall@4.000ns period=8.000ns})
  Destination:            U0/uart_rx_i0/uart_rx_ctl_i0/FSM_sequential_state_reg[0]/CE
                            (rising edge-triggered cell FDRE clocked by clk_pin  {rise@0.000ns fall@4.000ns period=8.000ns})
  Path Group:             clk_pin
  Path Type:              Setup (Max at Slow Process Corner)
  Requirement:            8.000ns  (clk_pin rise@8.000ns - clk_pin rise@0.000ns)
  Data Path Delay:        2.914ns  (logic 0.900ns (30.886%)  route 2.014ns (69.114%))
  Logic Levels:           2  (LUT3=1 LUT6=1)
  Clock Path Skew:        -0.026ns (DCD - SCD + CPR)
    Destination Clock Delay (DCD):    4.937ns = ( 12.937 - 8.000 ) 
    Source Clock Delay      (SCD):    5.392ns
    Clock Pessimism Removal (CPR):    0.429ns
  Clock Uncertainty:      0.035ns  ((TSJ^2 + TIJ^2)^1/2 + DJ) / 2 + PE
    Total System Jitter     (TSJ):    0.071ns
    Total Input Jitter      (TIJ):    0.000ns
    Discrete Jitter          (DJ):    0.000ns
    Phase Error              (PE):    0.000ns

    Location             Delay type                Incr(ns)  Path(ns)    Netlist Resource(s)
  -------------------------------------------------------------------    -------------------
                         (clock clk_pin rise edge)    0.000     0.000 r  
    H16                                               0.000     0.000 r  clk_pin (IN)
                         net (fo=0)                   0.000     0.000    clk_pin
    H16                  IBUF (Prop_ibuf_I_O)         1.457     1.457 r  clk_pin_IBUF_inst/O
                         net (fo=1, routed)           2.076     3.533    clk_pin_IBUF
    BUFGCTRL_X0Y16       BUFG (Prop_bufg_I_O)         0.101     3.634 r  clk_pin_IBUF_BUFG_inst/O
                         net (fo=47, routed)          1.758     5.392    U0/uart_rx_i0/uart_rx_ctl_i0/CLK
    SLICE_X40Y49         FDRE                                         r  U0/uart_rx_i0/uart_rx_ctl_i0/bit_cnt_reg[0]/C
  -------------------------------------------------------------------    -------------------
    SLICE_X40Y49         FDRE (Prop_fdre_C_Q)         0.456     5.848 r  U0/uart_rx_i0/uart_rx_ctl_i0/bit_cnt_reg[0]/Q
                         net (fo=14, routed)          0.783     6.631    U0/uart_rx_i0/uart_rx_ctl_i0/bit_cnt_reg_n_0_[0]
    SLICE_X42Y47         LUT3 (Prop_lut3_I1_O)        0.116     6.747 r  U0/uart_rx_i0/uart_rx_ctl_i0/FSM_sequential_state[1]_i_3/O
                         net (fo=4, routed)           0.841     7.588    U0/uart_rx_i0/uart_rx_ctl_i0/bit_cnt_done__1
    SLICE_X41Y46         LUT6 (Prop_lut6_I1_O)        0.328     7.916 r  U0/uart_rx_i0/uart_rx_ctl_i0/FSM_sequential_state[1]_i_1/O
                         net (fo=4, routed)           0.390     8.306    U0/uart_rx_i0/uart_rx_ctl_i0/FSM_sequential_state[1]_i_1_n_0
    SLICE_X41Y46         FDRE                                         r  U0/uart_rx_i0/uart_rx_ctl_i0/FSM_sequential_state_reg[0]/CE
  -------------------------------------------------------------------    -------------------

                         (clock clk_pin rise edge)    8.000     8.000 r  
    H16                                               0.000     8.000 r  clk_pin (IN)
                         net (fo=0)                   0.000     8.000    clk_pin
    H16                  IBUF (Prop_ibuf_I_O)         1.387     9.387 r  clk_pin_IBUF_inst/O
                         net (fo=1, routed)           1.880    11.267    clk_pin_IBUF
    BUFGCTRL_X0Y16       BUFG (Prop_bufg_I_O)         0.091    11.358 r  clk_pin_IBUF_BUFG_inst/O
                         net (fo=47, routed)          1.579    12.937    U0/uart_rx_i0/uart_rx_ctl_i0/CLK
    SLICE_X41Y46         FDRE                                         r  U0/uart_rx_i0/uart_rx_ctl_i0/FSM_sequential_state_reg[0]/C
                         clock pessimism              0.429    13.366    
                         clock uncertainty           -0.035    13.331    
    SLICE_X41Y46         FDRE (Setup_fdre_C_CE)      -0.205    13.126    U0/uart_rx_i0/uart_rx_ctl_i0/FSM_sequential_state_reg[0]
  -------------------------------------------------------------------
                         required time                         13.126    
                         arrival time                          -8.306    
  -------------------------------------------------------------------
                         slack                                  4.820    

Slack (MET) :             4.820ns  (required time - arrival time)
  Source:                 U0/uart_rx_i0/uart_rx_ctl_i0/bit_cnt_reg[0]/C
                            (rising edge-triggered cell FDRE clocked by clk_pin  {rise@0.000ns fall@4.000ns period=8.000ns})
  Destination:            U0/uart_rx_i0/uart_rx_ctl_i0/state_reg[0]/CE
                            (rising edge-triggered cell FDRE clocked by clk_pin  {rise@0.000ns fall@4.000ns period=8.000ns})
  Path Group:             clk_pin
  Path Type:              Setup (Max at Slow Process Corner)
  Requirement:            8.000ns  (clk_pin rise@8.000ns - clk_pin rise@0.000ns)
  Data Path Delay:        2.914ns  (logic 0.900ns (30.886%)  route 2.014ns (69.114%))
  Logic Levels:           2  (LUT3=1 LUT6=1)
  Clock Path Skew:        -0.026ns (DCD - SCD + CPR)
    Destination Clock Delay (DCD):    4.937ns = ( 12.937 - 8.000 ) 
    Source Clock Delay      (SCD):    5.392ns
    Clock Pessimism Removal (CPR):    0.429ns
  Clock Uncertainty:      0.035ns  ((TSJ^2 + TIJ^2)^1/2 + DJ) / 2 + PE
    Total System Jitter     (TSJ):    0.071ns
    Total Input Jitter      (TIJ):    0.000ns
    Discrete Jitter          (DJ):    0.000ns
    Phase Error              (PE):    0.000ns

    Location             Delay type                Incr(ns)  Path(ns)    Netlist Resource(s)
  -------------------------------------------------------------------    -------------------
                         (clock clk_pin rise edge)    0.000     0.000 r  
    H16                                               0.000     0.000 r  clk_pin (IN)
                         net (fo=0)                   0.000     0.000    clk_pin
    H16                  IBUF (Prop_ibuf_I_O)         1.457     1.457 r  clk_pin_IBUF_inst/O
                         net (fo=1, routed)           2.076     3.533    clk_pin_IBUF
    BUFGCTRL_X0Y16       BUFG (Prop_bufg_I_O)         0.101     3.634 r  clk_pin_IBUF_BUFG_inst/O
                         net (fo=47, routed)          1.758     5.392    U0/uart_rx_i0/uart_rx_ctl_i0/CLK
    SLICE_X40Y49         FDRE                                         r  U0/uart_rx_i0/uart_rx_ctl_i0/bit_cnt_reg[0]/C
  -------------------------------------------------------------------    -------------------
    SLICE_X40Y49         FDRE (Prop_fdre_C_Q)         0.456     5.848 r  U0/uart_rx_i0/uart_rx_ctl_i0/bit_cnt_reg[0]/Q
                         net (fo=14, routed)          0.783     6.631    U0/uart_rx_i0/uart_rx_ctl_i0/bit_cnt_reg_n_0_[0]
    SLICE_X42Y47         LUT3 (Prop_lut3_I1_O)        0.116     6.747 r  U0/uart_rx_i0/uart_rx_ctl_i0/FSM_sequential_state[1]_i_3/O
                         net (fo=4, routed)           0.841     7.588    U0/uart_rx_i0/uart_rx_ctl_i0/bit_cnt_done__1
    SLICE_X41Y46         LUT6 (Prop_lut6_I1_O)        0.328     7.916 r  U0/uart_rx_i0/uart_rx_ctl_i0/FSM_sequential_state[1]_i_1/O
                         net (fo=4, routed)           0.390     8.306    U0/uart_rx_i0/uart_rx_ctl_i0/FSM_sequential_state[1]_i_1_n_0
    SLICE_X41Y46         FDRE                                         r  U0/uart_rx_i0/uart_rx_ctl_i0/state_reg[0]/CE
  -------------------------------------------------------------------    -------------------

                         (clock clk_pin rise edge)    8.000     8.000 r  
    H16                                               0.000     8.000 r  clk_pin (IN)
                         net (fo=0)                   0.000     8.000    clk_pin
    H16                  IBUF (Prop_ibuf_I_O)         1.387     9.387 r  clk_pin_IBUF_inst/O
                         net (fo=1, routed)           1.880    11.267    clk_pin_IBUF
    BUFGCTRL_X0Y16       BUFG (Prop_bufg_I_O)         0.091    11.358 r  clk_pin_IBUF_BUFG_inst/O
                         net (fo=47, routed)          1.579    12.937    U0/uart_rx_i0/uart_rx_ctl_i0/CLK
    SLICE_X41Y46         FDRE                                         r  U0/uart_rx_i0/uart_rx_ctl_i0/state_reg[0]/C
                         clock pessimism              0.429    13.366    
                         clock uncertainty           -0.035    13.331    
    SLICE_X41Y46         FDRE (Setup_fdre_C_CE)      -0.205    13.126    U0/uart_rx_i0/uart_rx_ctl_i0/state_reg[0]
  -------------------------------------------------------------------
                         required time                         13.126    
                         arrival time                          -8.306    
  -------------------------------------------------------------------
                         slack                                  4.820    





Min Delay Paths
--------------------------------------------------------------------------------------
Slack (MET) :             0.077ns  (arrival time - required time)
  Source:                 U0/led_ctl_i0/char_data_reg[2]/C
                            (rising edge-triggered cell FDRE clocked by clk_pin  {rise@0.000ns fall@4.000ns period=8.000ns})
  Destination:            U0/led_ctl_i0/led_pipeline_reg_reg[2]/D
                            (rising edge-triggered cell FDRE clocked by clk_pin  {rise@0.000ns fall@4.000ns period=8.000ns})
  Path Group:             clk_pin
  Path Type:              Hold (Min at Fast Process Corner)
  Requirement:            0.000ns  (clk_pin rise@0.000ns - clk_pin rise@0.000ns)
  Data Path Delay:        0.432ns  (logic 0.209ns (48.324%)  route 0.223ns (51.676%))
  Logic Levels:           1  (LUT3=1)
  Clock Path Skew:        0.263ns (DCD - SCD - CPR)
    Destination Clock Delay (DCD):    1.983ns
    Source Clock Delay      (SCD):    1.473ns
    Clock Pessimism Removal (CPR):    0.247ns

    Location             Delay type                Incr(ns)  Path(ns)    Netlist Resource(s)
  -------------------------------------------------------------------    -------------------
                         (clock clk_pin rise edge)    0.000     0.000 r  
    H16                                               0.000     0.000 r  clk_pin (IN)
                         net (fo=0)                   0.000     0.000    clk_pin
    H16                  IBUF (Prop_ibuf_I_O)         0.225     0.225 r  clk_pin_IBUF_inst/O
                         net (fo=1, routed)           0.627     0.852    clk_pin_IBUF
    BUFGCTRL_X0Y16       BUFG (Prop_bufg_I_O)         0.026     0.878 r  clk_pin_IBUF_BUFG_inst/O
                         net (fo=47, routed)          0.595     1.473    U0/led_ctl_i0/CLK
    SLICE_X42Y49         FDRE                                         r  U0/led_ctl_i0/char_data_reg[2]/C
  -------------------------------------------------------------------    -------------------
    SLICE_X42Y49         FDRE (Prop_fdre_C_Q)         0.164     1.637 r  U0/led_ctl_i0/char_data_reg[2]/Q
                         net (fo=1, routed)           0.223     1.860    U0/led_ctl_i0/char_data[2]
    SLICE_X43Y54         LUT3 (Prop_lut3_I2_O)        0.045     1.905 r  U0/led_ctl_i0/led_pipeline_reg[2]_i_1/O
                         net (fo=1, routed)           0.000     1.905    U0/led_ctl_i0/led_pipeline_reg[2]_i_1_n_0
    SLICE_X43Y54         FDRE                                         r  U0/led_ctl_i0/led_pipeline_reg_reg[2]/D
  -------------------------------------------------------------------    -------------------

                         (clock clk_pin rise edge)    0.000     0.000 r  
    H16                                               0.000     0.000 r  clk_pin (IN)
                         net (fo=0)                   0.000     0.000    clk_pin
    H16                  IBUF (Prop_ibuf_I_O)         0.413     0.413 r  clk_pin_IBUF_inst/O
                         net (fo=1, routed)           0.683     1.096    clk_pin_IBUF
    BUFGCTRL_X0Y16       BUFG (Prop_bufg_I_O)         0.029     1.125 r  clk_pin_IBUF_BUFG_inst/O
                         net (fo=47, routed)          0.858     1.983    U0/led_ctl_i0/CLK
    SLICE_X43Y54         FDRE                                         r  U0/led_ctl_i0/led_pipeline_reg_reg[2]/C
                         clock pessimism             -0.247     1.736    
    SLICE_X43Y54         FDRE (Hold_fdre_C_D)         0.092     1.828    U0/led_ctl_i0/led_pipeline_reg_reg[2]
  -------------------------------------------------------------------
                         required time                         -1.828    
                         arrival time                           1.905    
  -------------------------------------------------------------------
                         slack                                  0.077    

Slack (MET) :             0.186ns  (arrival time - required time)
  Source:                 U0/uart_rx_i0/uart_rx_ctl_i0/rx_data_reg[3]/C
                            (rising edge-triggered cell FDRE clocked by clk_pin  {rise@0.000ns fall@4.000ns period=8.000ns})
  Destination:            U0/led_ctl_i0/char_data_reg[3]/D
                            (rising edge-triggered cell FDRE clocked by clk_pin  {rise@0.000ns fall@4.000ns period=8.000ns})
  Path Group:             clk_pin
  Path Type:              Hold (Min at Fast Process Corner)
  Requirement:            0.000ns  (clk_pin rise@0.000ns - clk_pin rise@0.000ns)
  Data Path Delay:        0.254ns  (logic 0.141ns (55.533%)  route 0.113ns (44.467%))
  Logic Levels:           0  
  Clock Path Skew:        0.016ns (DCD - SCD - CPR)
    Destination Clock Delay (DCD):    1.989ns
    Source Clock Delay      (SCD):    1.473ns
    Clock Pessimism Removal (CPR):    0.500ns

    Location             Delay type                Incr(ns)  Path(ns)    Netlist Resource(s)
  -------------------------------------------------------------------    -------------------
                         (clock clk_pin rise edge)    0.000     0.000 r  
    H16                                               0.000     0.000 r  clk_pin (IN)
                         net (fo=0)                   0.000     0.000    clk_pin
    H16                  IBUF (Prop_ibuf_I_O)         0.225     0.225 r  clk_pin_IBUF_inst/O
                         net (fo=1, routed)           0.627     0.852    clk_pin_IBUF
    BUFGCTRL_X0Y16       BUFG (Prop_bufg_I_O)         0.026     0.878 r  clk_pin_IBUF_BUFG_inst/O
                         net (fo=47, routed)          0.595     1.473    U0/uart_rx_i0/uart_rx_ctl_i0/CLK
    SLICE_X41Y49         FDRE                                         r  U0/uart_rx_i0/uart_rx_ctl_i0/rx_data_reg[3]/C
  -------------------------------------------------------------------    -------------------
    SLICE_X41Y49         FDRE (Prop_fdre_C_Q)         0.141     1.614 r  U0/uart_rx_i0/uart_rx_ctl_i0/rx_data_reg[3]/Q
                         net (fo=2, routed)           0.113     1.727    U0/led_ctl_i0/D[3]
    SLICE_X42Y49         FDRE                                         r  U0/led_ctl_i0/char_data_reg[3]/D
  -------------------------------------------------------------------    -------------------

                         (clock clk_pin rise edge)    0.000     0.000 r  
    H16                                               0.000     0.000 r  clk_pin (IN)
                         net (fo=0)                   0.000     0.000    clk_pin
    H16                  IBUF (Prop_ibuf_I_O)         0.413     0.413 r  clk_pin_IBUF_inst/O
                         net (fo=1, routed)           0.683     1.096    clk_pin_IBUF
    BUFGCTRL_X0Y16       BUFG (Prop_bufg_I_O)         0.029     1.125 r  clk_pin_IBUF_BUFG_inst/O
                         net (fo=47, routed)          0.864     1.989    U0/led_ctl_i0/CLK
    SLICE_X42Y49         FDRE                                         r  U0/led_ctl_i0/char_data_reg[3]/C
                         clock pessimism             -0.500     1.489    
    SLICE_X42Y49         FDRE (Hold_fdre_C_D)         0.052     1.541    U0/led_ctl_i0/char_data_reg[3]
  -------------------------------------------------------------------
                         required time                         -1.541    
                         arrival time                           1.727    
  -------------------------------------------------------------------
                         slack                                  0.186    

Slack (MET) :             0.196ns  (arrival time - required time)
  Source:                 U0/led_ctl_i0/char_data_reg[3]/C
                            (rising edge-triggered cell FDRE clocked by clk_pin  {rise@0.000ns fall@4.000ns period=8.000ns})
  Destination:            U0/led_ctl_i0/led_pipeline_reg_reg[3]/D
                            (rising edge-triggered cell FDRE clocked by clk_pin  {rise@0.000ns fall@4.000ns period=8.000ns})
  Path Group:             clk_pin
  Path Type:              Hold (Min at Fast Process Corner)
  Requirement:            0.000ns  (clk_pin rise@0.000ns - clk_pin rise@0.000ns)
  Data Path Delay:        0.566ns  (logic 0.207ns (36.540%)  route 0.359ns (63.460%))
  Logic Levels:           1  (LUT3=1)
  Clock Path Skew:        0.263ns (DCD - SCD - CPR)
    Destination Clock Delay (DCD):    1.983ns
    Source Clock Delay      (SCD):    1.473ns
    Clock Pessimism Removal (CPR):    0.247ns

    Location             Delay type                Incr(ns)  Path(ns)    Netlist Resource(s)
  -------------------------------------------------------------------    -------------------
                         (clock clk_pin rise edge)    0.000     0.000 r  
    H16                                               0.000     0.000 r  clk_pin (IN)
                         net (fo=0)                   0.000     0.000    clk_pin
    H16                  IBUF (Prop_ibuf_I_O)         0.225     0.225 r  clk_pin_IBUF_inst/O
                         net (fo=1, routed)           0.627     0.852    clk_pin_IBUF
    BUFGCTRL_X0Y16       BUFG (Prop_bufg_I_O)         0.026     0.878 r  clk_pin_IBUF_BUFG_inst/O
                         net (fo=47, routed)          0.595     1.473    U0/led_ctl_i0/CLK
    SLICE_X42Y49         FDRE                                         r  U0/led_ctl_i0/char_data_reg[3]/C
  -------------------------------------------------------------------    -------------------
    SLICE_X42Y49         FDRE (Prop_fdre_C_Q)         0.164     1.637 r  U0/led_ctl_i0/char_data_reg[3]/Q
                         net (fo=1, routed)           0.359     1.996    U0/led_ctl_i0/char_data[3]
    SLICE_X43Y54         LUT3 (Prop_lut3_I2_O)        0.043     2.039 r  U0/led_ctl_i0/led_pipeline_reg[3]_i_2/O
                         net (fo=1, routed)           0.000     2.039    U0/led_ctl_i0/led_pipeline_reg[3]_i_2_n_0
    SLICE_X43Y54         FDRE                                         r  U0/led_ctl_i0/led_pipeline_reg_reg[3]/D
  -------------------------------------------------------------------    -------------------

                         (clock clk_pin rise edge)    0.000     0.000 r  
    H16                                               0.000     0.000 r  clk_pin (IN)
                         net (fo=0)                   0.000     0.000    clk_pin
    H16                  IBUF (Prop_ibuf_I_O)         0.413     0.413 r  clk_pin_IBUF_inst/O
                         net (fo=1, routed)           0.683     1.096    clk_pin_IBUF
    BUFGCTRL_X0Y16       BUFG (Prop_bufg_I_O)         0.029     1.125 r  clk_pin_IBUF_BUFG_inst/O
                         net (fo=47, routed)          0.858     1.983    U0/led_ctl_i0/CLK
    SLICE_X43Y54         FDRE                                         r  U0/led_ctl_i0/led_pipeline_reg_reg[3]/C
                         clock pessimism             -0.247     1.736    
    SLICE_X43Y54         FDRE (Hold_fdre_C_D)         0.107     1.843    U0/led_ctl_i0/led_pipeline_reg_reg[3]
  -------------------------------------------------------------------
                         required time                         -1.843    
                         arrival time                           2.039    
  -------------------------------------------------------------------
                         slack                                  0.196    

Slack (MET) :             0.200ns  (arrival time - required time)
  Source:                 U0/uart_rx_i0/uart_rx_ctl_i0/rx_data_reg[5]/C
                            (rising edge-triggered cell FDRE clocked by clk_pin  {rise@0.000ns fall@4.000ns period=8.000ns})
  Destination:            U0/led_ctl_i0/char_data_reg[5]/D
                            (rising edge-triggered cell FDRE clocked by clk_pin  {rise@0.000ns fall@4.000ns period=8.000ns})
  Path Group:             clk_pin
  Path Type:              Hold (Min at Fast Process Corner)
  Requirement:            0.000ns  (clk_pin rise@0.000ns - clk_pin rise@0.000ns)
  Data Path Delay:        0.285ns  (logic 0.164ns (57.522%)  route 0.121ns (42.478%))
  Logic Levels:           0  
  Clock Path Skew:        0.013ns (DCD - SCD - CPR)
    Destination Clock Delay (DCD):    1.988ns
    Source Clock Delay      (SCD):    1.472ns
    Clock Pessimism Removal (CPR):    0.503ns

    Location             Delay type                Incr(ns)  Path(ns)    Netlist Resource(s)
  -------------------------------------------------------------------    -------------------
                         (clock clk_pin rise edge)    0.000     0.000 r  
    H16                                               0.000     0.000 r  clk_pin (IN)
                         net (fo=0)                   0.000     0.000    clk_pin
    H16                  IBUF (Prop_ibuf_I_O)         0.225     0.225 r  clk_pin_IBUF_inst/O
                         net (fo=1, routed)           0.627     0.852    clk_pin_IBUF
    BUFGCTRL_X0Y16       BUFG (Prop_bufg_I_O)         0.026     0.878 r  clk_pin_IBUF_BUFG_inst/O
                         net (fo=47, routed)          0.594     1.472    U0/uart_rx_i0/uart_rx_ctl_i0/CLK
    SLICE_X42Y46         FDRE                                         r  U0/uart_rx_i0/uart_rx_ctl_i0/rx_data_reg[5]/C
  -------------------------------------------------------------------    -------------------
    SLICE_X42Y46         FDRE (Prop_fdre_C_Q)         0.164     1.636 r  U0/uart_rx_i0/uart_rx_ctl_i0/rx_data_reg[5]/Q
                         net (fo=2, routed)           0.121     1.757    U0/led_ctl_i0/D[5]
    SLICE_X43Y46         FDRE                                         r  U0/led_ctl_i0/char_data_reg[5]/D
  -------------------------------------------------------------------    -------------------

                         (clock clk_pin rise edge)    0.000     0.000 r  
    H16                                               0.000     0.000 r  clk_pin (IN)
                         net (fo=0)                   0.000     0.000    clk_pin
    H16                  IBUF (Prop_ibuf_I_O)         0.413     0.413 r  clk_pin_IBUF_inst/O
                         net (fo=1, routed)           0.683     1.096    clk_pin_IBUF
    BUFGCTRL_X0Y16       BUFG (Prop_bufg_I_O)         0.029     1.125 r  clk_pin_IBUF_BUFG_inst/O
                         net (fo=47, routed)          0.863     1.988    U0/led_ctl_i0/CLK
    SLICE_X43Y46         FDRE                                         r  U0/led_ctl_i0/char_data_reg[5]/C
                         clock pessimism             -0.503     1.485    
    SLICE_X43Y46         FDRE (Hold_fdre_C_D)         0.072     1.557    U0/led_ctl_i0/char_data_reg[5]
  -------------------------------------------------------------------
                         required time                         -1.557    
                         arrival time                           1.757    
  -------------------------------------------------------------------
                         slack                                  0.200    

Slack (MET) :             0.203ns  (arrival time - required time)
  Source:                 U0/uart_rx_i0/uart_rx_ctl_i0/FSM_sequential_state_reg[0]/C
                            (rising edge-triggered cell FDRE clocked by clk_pin  {rise@0.000ns fall@4.000ns period=8.000ns})
  Destination:            U0/uart_rx_i0/uart_rx_ctl_i0/FSM_sequential_state_reg[1]/D
                            (rising edge-triggered cell FDRE clocked by clk_pin  {rise@0.000ns fall@4.000ns period=8.000ns})
  Path Group:             clk_pin
  Path Type:              Hold (Min at Fast Process Corner)
  Requirement:            0.000ns  (clk_pin rise@0.000ns - clk_pin rise@0.000ns)
  Data Path Delay:        0.307ns  (logic 0.186ns (60.547%)  route 0.121ns (39.453%))
  Logic Levels:           1  (LUT5=1)
  Clock Path Skew:        0.013ns (DCD - SCD - CPR)
    Destination Clock Delay (DCD):    1.988ns
    Source Clock Delay      (SCD):    1.472ns
    Clock Pessimism Removal (CPR):    0.503ns

    Location             Delay type                Incr(ns)  Path(ns)    Netlist Resource(s)
  -------------------------------------------------------------------    -------------------
                         (clock clk_pin rise edge)    0.000     0.000 r  
    H16                                               0.000     0.000 r  clk_pin (IN)
                         net (fo=0)                   0.000     0.000    clk_pin
    H16                  IBUF (Prop_ibuf_I_O)         0.225     0.225 r  clk_pin_IBUF_inst/O
                         net (fo=1, routed)           0.627     0.852    clk_pin_IBUF
    BUFGCTRL_X0Y16       BUFG (Prop_bufg_I_O)         0.026     0.878 r  clk_pin_IBUF_BUFG_inst/O
                         net (fo=47, routed)          0.594     1.472    U0/uart_rx_i0/uart_rx_ctl_i0/CLK
    SLICE_X41Y46         FDRE                                         r  U0/uart_rx_i0/uart_rx_ctl_i0/FSM_sequential_state_reg[0]/C
  -------------------------------------------------------------------    -------------------
    SLICE_X41Y46         FDRE (Prop_fdre_C_Q)         0.141     1.613 r  U0/uart_rx_i0/uart_rx_ctl_i0/FSM_sequential_state_reg[0]/Q
                         net (fo=15, routed)          0.121     1.734    U0/uart_rx_i0/uart_rx_ctl_i0/state__0[0]
    SLICE_X40Y46         LUT5 (Prop_lut5_I1_O)        0.045     1.779 r  U0/uart_rx_i0/uart_rx_ctl_i0/FSM_sequential_state[1]_i_2/O
                         net (fo=1, routed)           0.000     1.779    U0/uart_rx_i0/uart_rx_ctl_i0/FSM_sequential_state[1]_i_2_n_0
    SLICE_X40Y46         FDRE                                         r  U0/uart_rx_i0/uart_rx_ctl_i0/FSM_sequential_state_reg[1]/D
  -------------------------------------------------------------------    -------------------

                         (clock clk_pin rise edge)    0.000     0.000 r  
    H16                                               0.000     0.000 r  clk_pin (IN)
                         net (fo=0)                   0.000     0.000    clk_pin
    H16                  IBUF (Prop_ibuf_I_O)         0.413     0.413 r  clk_pin_IBUF_inst/O
                         net (fo=1, routed)           0.683     1.096    clk_pin_IBUF
    BUFGCTRL_X0Y16       BUFG (Prop_bufg_I_O)         0.029     1.125 r  clk_pin_IBUF_BUFG_inst/O
                         net (fo=47, routed)          0.863     1.988    U0/uart_rx_i0/uart_rx_ctl_i0/CLK
    SLICE_X40Y46         FDRE                                         r  U0/uart_rx_i0/uart_rx_ctl_i0/FSM_sequential_state_reg[1]/C
                         clock pessimism             -0.503     1.485    
    SLICE_X40Y46         FDRE (Hold_fdre_C_D)         0.091     1.576    U0/uart_rx_i0/uart_rx_ctl_i0/FSM_sequential_state_reg[1]
  -------------------------------------------------------------------
                         required time                         -1.576    
                         arrival time                           1.779    
  -------------------------------------------------------------------
                         slack                                  0.203    

Slack (MET) :             0.214ns  (arrival time - required time)
  Source:                 U0/uart_rx_i0/uart_rx_ctl_i0/FSM_sequential_state_reg[1]/C
                            (rising edge-triggered cell FDRE clocked by clk_pin  {rise@0.000ns fall@4.000ns period=8.000ns})
  Destination:            U0/uart_rx_i0/uart_rx_ctl_i0/FSM_sequential_state_reg[0]/D
                            (rising edge-triggered cell FDRE clocked by clk_pin  {rise@0.000ns fall@4.000ns period=8.000ns})
  Path Group:             clk_pin
  Path Type:              Hold (Min at Fast Process Corner)
  Requirement:            0.000ns  (clk_pin rise@0.000ns - clk_pin rise@0.000ns)
  Data Path Delay:        0.318ns  (logic 0.186ns (58.462%)  route 0.132ns (41.538%))
  Logic Levels:           1  (LUT6=1)
  Clock Path Skew:        0.013ns (DCD - SCD - CPR)
    Destination Clock Delay (DCD):    1.988ns
    Source Clock Delay      (SCD):    1.472ns
    Clock Pessimism Removal (CPR):    0.503ns

    Location             Delay type                Incr(ns)  Path(ns)    Netlist Resource(s)
  -------------------------------------------------------------------    -------------------
                         (clock clk_pin rise edge)    0.000     0.000 r  
    H16                                               0.000     0.000 r  clk_pin (IN)
                         net (fo=0)                   0.000     0.000    clk_pin
    H16                  IBUF (Prop_ibuf_I_O)         0.225     0.225 r  clk_pin_IBUF_inst/O
                         net (fo=1, routed)           0.627     0.852    clk_pin_IBUF
    BUFGCTRL_X0Y16       BUFG (Prop_bufg_I_O)         0.026     0.878 r  clk_pin_IBUF_BUFG_inst/O
                         net (fo=47, routed)          0.594     1.472    U0/uart_rx_i0/uart_rx_ctl_i0/CLK
    SLICE_X40Y46         FDRE                                         r  U0/uart_rx_i0/uart_rx_ctl_i0/FSM_sequential_state_reg[1]/C
  -------------------------------------------------------------------    -------------------
    SLICE_X40Y46         FDRE (Prop_fdre_C_Q)         0.141     1.613 f  U0/uart_rx_i0/uart_rx_ctl_i0/FSM_sequential_state_reg[1]/Q
                         net (fo=15, routed)          0.132     1.745    U0/uart_rx_i0/uart_rx_ctl_i0/state__0[1]
    SLICE_X41Y46         LUT6 (Prop_lut6_I5_O)        0.045     1.790 r  U0/uart_rx_i0/uart_rx_ctl_i0/FSM_sequential_state[0]_i_1/O
                         net (fo=1, routed)           0.000     1.790    U0/uart_rx_i0/uart_rx_ctl_i0/FSM_sequential_state[0]_i_1_n_0
    SLICE_X41Y46         FDRE                                         r  U0/uart_rx_i0/uart_rx_ctl_i0/FSM_sequential_state_reg[0]/D
  -------------------------------------------------------------------    -------------------

                         (clock clk_pin rise edge)    0.000     0.000 r  
    H16                                               0.000     0.000 r  clk_pin (IN)
                         net (fo=0)                   0.000     0.000    clk_pin
    H16                  IBUF (Prop_ibuf_I_O)         0.413     0.413 r  clk_pin_IBUF_inst/O
                         net (fo=1, routed)           0.683     1.096    clk_pin_IBUF
    BUFGCTRL_X0Y16       BUFG (Prop_bufg_I_O)         0.029     1.125 r  clk_pin_IBUF_BUFG_inst/O
                         net (fo=47, routed)          0.863     1.988    U0/uart_rx_i0/uart_rx_ctl_i0/CLK
    SLICE_X41Y46         FDRE                                         r  U0/uart_rx_i0/uart_rx_ctl_i0/FSM_sequential_state_reg[0]/C
                         clock pessimism             -0.503     1.485    
    SLICE_X41Y46         FDRE (Hold_fdre_C_D)         0.091     1.576    U0/uart_rx_i0/uart_rx_ctl_i0/FSM_sequential_state_reg[0]
  -------------------------------------------------------------------
                         required time                         -1.576    
                         arrival time                           1.790    
  -------------------------------------------------------------------
                         slack                                  0.214    

Slack (MET) :             0.219ns  (arrival time - required time)
  Source:                 U0/uart_rx_i0/uart_rx_ctl_i0/state_reg[1]/C
                            (rising edge-triggered cell FDRE clocked by clk_pin  {rise@0.000ns fall@4.000ns period=8.000ns})
  Destination:            U0/uart_rx_i0/uart_rx_ctl_i0/state_reg[0]/D
                            (rising edge-triggered cell FDRE clocked by clk_pin  {rise@0.000ns fall@4.000ns period=8.000ns})
  Path Group:             clk_pin
  Path Type:              Hold (Min at Fast Process Corner)
  Requirement:            0.000ns  (clk_pin rise@0.000ns - clk_pin rise@0.000ns)
  Data Path Delay:        0.311ns  (logic 0.227ns (73.073%)  route 0.084ns (26.927%))
  Logic Levels:           1  (LUT6=1)
  Clock Path Skew:        0.000ns (DCD - SCD - CPR)
    Destination Clock Delay (DCD):    1.988ns
    Source Clock Delay      (SCD):    1.472ns
    Clock Pessimism Removal (CPR):    0.516ns

    Location             Delay type                Incr(ns)  Path(ns)    Netlist Resource(s)
  -------------------------------------------------------------------    -------------------
                         (clock clk_pin rise edge)    0.000     0.000 r  
    H16                                               0.000     0.000 r  clk_pin (IN)
                         net (fo=0)                   0.000     0.000    clk_pin
    H16                  IBUF (Prop_ibuf_I_O)         0.225     0.225 r  clk_pin_IBUF_inst/O
                         net (fo=1, routed)           0.627     0.852    clk_pin_IBUF
    BUFGCTRL_X0Y16       BUFG (Prop_bufg_I_O)         0.026     0.878 r  clk_pin_IBUF_BUFG_inst/O
                         net (fo=47, routed)          0.594     1.472    U0/uart_rx_i0/uart_rx_ctl_i0/CLK
    SLICE_X41Y46         FDRE                                         r  U0/uart_rx_i0/uart_rx_ctl_i0/state_reg[1]/C
  -------------------------------------------------------------------    -------------------
    SLICE_X41Y46         FDRE (Prop_fdre_C_Q)         0.128     1.600 f  U0/uart_rx_i0/uart_rx_ctl_i0/state_reg[1]/Q
                         net (fo=7, routed)           0.084     1.684    U0/uart_rx_i0/uart_rx_ctl_i0/state_reg_n_0_[1]
    SLICE_X41Y46         LUT6 (Prop_lut6_I5_O)        0.099     1.783 r  U0/uart_rx_i0/uart_rx_ctl_i0/state[0]_i_1/O
                         net (fo=1, routed)           0.000     1.783    U0/uart_rx_i0/uart_rx_ctl_i0/state[0]_i_1_n_0
    SLICE_X41Y46         FDRE                                         r  U0/uart_rx_i0/uart_rx_ctl_i0/state_reg[0]/D
  -------------------------------------------------------------------    -------------------

                         (clock clk_pin rise edge)    0.000     0.000 r  
    H16                                               0.000     0.000 r  clk_pin (IN)
                         net (fo=0)                   0.000     0.000    clk_pin
    H16                  IBUF (Prop_ibuf_I_O)         0.413     0.413 r  clk_pin_IBUF_inst/O
                         net (fo=1, routed)           0.683     1.096    clk_pin_IBUF
    BUFGCTRL_X0Y16       BUFG (Prop_bufg_I_O)         0.029     1.125 r  clk_pin_IBUF_BUFG_inst/O
                         net (fo=47, routed)          0.863     1.988    U0/uart_rx_i0/uart_rx_ctl_i0/CLK
    SLICE_X41Y46         FDRE                                         r  U0/uart_rx_i0/uart_rx_ctl_i0/state_reg[0]/C
                         clock pessimism             -0.516     1.472    
    SLICE_X41Y46         FDRE (Hold_fdre_C_D)         0.092     1.564    U0/uart_rx_i0/uart_rx_ctl_i0/state_reg[0]
  -------------------------------------------------------------------
                         required time                         -1.564    
                         arrival time                           1.783    
  -------------------------------------------------------------------
                         slack                                  0.219    

Slack (MET) :             0.227ns  (arrival time - required time)
  Source:                 U0/uart_rx_i0/uart_rx_ctl_i0/FSM_sequential_state_reg[0]/C
                            (rising edge-triggered cell FDRE clocked by clk_pin  {rise@0.000ns fall@4.000ns period=8.000ns})
  Destination:            U0/uart_rx_i0/uart_rx_ctl_i0/rx_data_rdy_reg/D
                            (rising edge-triggered cell FDRE clocked by clk_pin  {rise@0.000ns fall@4.000ns period=8.000ns})
  Path Group:             clk_pin
  Path Type:              Hold (Min at Fast Process Corner)
  Requirement:            0.000ns  (clk_pin rise@0.000ns - clk_pin rise@0.000ns)
  Data Path Delay:        0.335ns  (logic 0.186ns (55.580%)  route 0.149ns (44.420%))
  Logic Levels:           1  (LUT6=1)
  Clock Path Skew:        0.017ns (DCD - SCD - CPR)
    Destination Clock Delay (DCD):    1.989ns
    Source Clock Delay      (SCD):    1.472ns
    Clock Pessimism Removal (CPR):    0.500ns

    Location             Delay type                Incr(ns)  Path(ns)    Netlist Resource(s)
  -------------------------------------------------------------------    -------------------
                         (clock clk_pin rise edge)    0.000     0.000 r  
    H16                                               0.000     0.000 r  clk_pin (IN)
                         net (fo=0)                   0.000     0.000    clk_pin
    H16                  IBUF (Prop_ibuf_I_O)         0.225     0.225 r  clk_pin_IBUF_inst/O
                         net (fo=1, routed)           0.627     0.852    clk_pin_IBUF
    BUFGCTRL_X0Y16       BUFG (Prop_bufg_I_O)         0.026     0.878 r  clk_pin_IBUF_BUFG_inst/O
                         net (fo=47, routed)          0.594     1.472    U0/uart_rx_i0/uart_rx_ctl_i0/CLK
    SLICE_X41Y46         FDRE                                         r  U0/uart_rx_i0/uart_rx_ctl_i0/FSM_sequential_state_reg[0]/C
  -------------------------------------------------------------------    -------------------
    SLICE_X41Y46         FDRE (Prop_fdre_C_Q)         0.141     1.613 f  U0/uart_rx_i0/uart_rx_ctl_i0/FSM_sequential_state_reg[0]/Q
                         net (fo=15, routed)          0.149     1.762    U0/uart_rx_i0/uart_rx_ctl_i0/state__0[0]
    SLICE_X43Y47         LUT6 (Prop_lut6_I2_O)        0.045     1.807 r  U0/uart_rx_i0/uart_rx_ctl_i0/rx_data_rdy_i_1/O
                         net (fo=1, routed)           0.000     1.807    U0/uart_rx_i0/uart_rx_ctl_i0/rx_data_rdy_i_1_n_0
    SLICE_X43Y47         FDRE                                         r  U0/uart_rx_i0/uart_rx_ctl_i0/rx_data_rdy_reg/D
  -------------------------------------------------------------------    -------------------

                         (clock clk_pin rise edge)    0.000     0.000 r  
    H16                                               0.000     0.000 r  clk_pin (IN)
                         net (fo=0)                   0.000     0.000    clk_pin
    H16                  IBUF (Prop_ibuf_I_O)         0.413     0.413 r  clk_pin_IBUF_inst/O
                         net (fo=1, routed)           0.683     1.096    clk_pin_IBUF
    BUFGCTRL_X0Y16       BUFG (Prop_bufg_I_O)         0.029     1.125 r  clk_pin_IBUF_BUFG_inst/O
                         net (fo=47, routed)          0.864     1.989    U0/uart_rx_i0/uart_rx_ctl_i0/CLK
    SLICE_X43Y47         FDRE                                         r  U0/uart_rx_i0/uart_rx_ctl_i0/rx_data_rdy_reg/C
                         clock pessimism             -0.500     1.489    
    SLICE_X43Y47         FDRE (Hold_fdre_C_D)         0.091     1.580    U0/uart_rx_i0/uart_rx_ctl_i0/rx_data_rdy_reg
  -------------------------------------------------------------------
                         required time                         -1.580    
                         arrival time                           1.807    
  -------------------------------------------------------------------
                         slack                                  0.227    

Slack (MET) :             0.239ns  (arrival time - required time)
  Source:                 U0/uart_rx_i0/uart_baud_gen_rx_i0/internal_count_reg[5]/C
                            (rising edge-triggered cell FDRE clocked by clk_pin  {rise@0.000ns fall@4.000ns period=8.000ns})
  Destination:            U0/uart_rx_i0/uart_baud_gen_rx_i0/internal_count_reg[3]/D
                            (rising edge-triggered cell FDRE clocked by clk_pin  {rise@0.000ns fall@4.000ns period=8.000ns})
  Path Group:             clk_pin
  Path Type:              Hold (Min at Fast Process Corner)
  Requirement:            0.000ns  (clk_pin rise@0.000ns - clk_pin rise@0.000ns)
  Data Path Delay:        0.331ns  (logic 0.227ns (68.632%)  route 0.104ns (31.368%))
  Logic Levels:           1  (LUT5=1)
  Clock Path Skew:        0.000ns (DCD - SCD - CPR)
    Destination Clock Delay (DCD):    1.989ns
    Source Clock Delay      (SCD):    1.473ns
    Clock Pessimism Removal (CPR):    0.516ns

    Location             Delay type                Incr(ns)  Path(ns)    Netlist Resource(s)
  -------------------------------------------------------------------    -------------------
                         (clock clk_pin rise edge)    0.000     0.000 r  
    H16                                               0.000     0.000 r  clk_pin (IN)
                         net (fo=0)                   0.000     0.000    clk_pin
    H16                  IBUF (Prop_ibuf_I_O)         0.225     0.225 r  clk_pin_IBUF_inst/O
                         net (fo=1, routed)           0.627     0.852    clk_pin_IBUF
    BUFGCTRL_X0Y16       BUFG (Prop_bufg_I_O)         0.026     0.878 r  clk_pin_IBUF_BUFG_inst/O
                         net (fo=47, routed)          0.595     1.473    U0/uart_rx_i0/uart_baud_gen_rx_i0/CLK
    SLICE_X40Y48         FDRE                                         r  U0/uart_rx_i0/uart_baud_gen_rx_i0/internal_count_reg[5]/C
  -------------------------------------------------------------------    -------------------
    SLICE_X40Y48         FDRE (Prop_fdre_C_Q)         0.128     1.601 r  U0/uart_rx_i0/uart_baud_gen_rx_i0/internal_count_reg[5]/Q
                         net (fo=5, routed)           0.104     1.705    U0/uart_rx_i0/uart_baud_gen_rx_i0/internal_count[5]
    SLICE_X40Y48         LUT5 (Prop_lut5_I2_O)        0.099     1.804 r  U0/uart_rx_i0/uart_baud_gen_rx_i0/internal_count[3]_i_1/O
                         net (fo=1, routed)           0.000     1.804    U0/uart_rx_i0/uart_baud_gen_rx_i0/internal_count_0[3]
    SLICE_X40Y48         FDRE                                         r  U0/uart_rx_i0/uart_baud_gen_rx_i0/internal_count_reg[3]/D
  -------------------------------------------------------------------    -------------------

                         (clock clk_pin rise edge)    0.000     0.000 r  
    H16                                               0.000     0.000 r  clk_pin (IN)
                         net (fo=0)                   0.000     0.000    clk_pin
    H16                  IBUF (Prop_ibuf_I_O)         0.413     0.413 r  clk_pin_IBUF_inst/O
                         net (fo=1, routed)           0.683     1.096    clk_pin_IBUF
    BUFGCTRL_X0Y16       BUFG (Prop_bufg_I_O)         0.029     1.125 r  clk_pin_IBUF_BUFG_inst/O
                         net (fo=47, routed)          0.864     1.989    U0/uart_rx_i0/uart_baud_gen_rx_i0/CLK
    SLICE_X40Y48         FDRE                                         r  U0/uart_rx_i0/uart_baud_gen_rx_i0/internal_count_reg[3]/C
                         clock pessimism             -0.516     1.473    
    SLICE_X40Y48         FDRE (Hold_fdre_C_D)         0.092     1.565    U0/uart_rx_i0/uart_baud_gen_rx_i0/internal_count_reg[3]
  -------------------------------------------------------------------
                         required time                         -1.565    
                         arrival time                           1.804    
  -------------------------------------------------------------------
                         slack                                  0.239    

Slack (MET) :             0.251ns  (arrival time - required time)
  Source:                 U0/uart_rx_i0/uart_rx_ctl_i0/over_sample_cnt_reg[3]/C
                            (rising edge-triggered cell FDRE clocked by clk_pin  {rise@0.000ns fall@4.000ns period=8.000ns})
  Destination:            U0/uart_rx_i0/uart_rx_ctl_i0/over_sample_cnt_reg[2]/D
                            (rising edge-triggered cell FDRE clocked by clk_pin  {rise@0.000ns fall@4.000ns period=8.000ns})
  Path Group:             clk_pin
  Path Type:              Hold (Min at Fast Process Corner)
  Requirement:            0.000ns  (clk_pin rise@0.000ns - clk_pin rise@0.000ns)
  Data Path Delay:        0.343ns  (logic 0.226ns (65.830%)  route 0.117ns (34.170%))
  Logic Levels:           1  (LUT5=1)
  Clock Path Skew:        0.000ns (DCD - SCD - CPR)
    Destination Clock Delay (DCD):    1.989ns
    Source Clock Delay      (SCD):    1.473ns
    Clock Pessimism Removal (CPR):    0.516ns

    Location             Delay type                Incr(ns)  Path(ns)    Netlist Resource(s)
  -------------------------------------------------------------------    -------------------
                         (clock clk_pin rise edge)    0.000     0.000 r  
    H16                                               0.000     0.000 r  clk_pin (IN)
                         net (fo=0)                   0.000     0.000    clk_pin
    H16                  IBUF (Prop_ibuf_I_O)         0.225     0.225 r  clk_pin_IBUF_inst/O
                         net (fo=1, routed)           0.627     0.852    clk_pin_IBUF
    BUFGCTRL_X0Y16       BUFG (Prop_bufg_I_O)         0.026     0.878 r  clk_pin_IBUF_BUFG_inst/O
                         net (fo=47, routed)          0.595     1.473    U0/uart_rx_i0/uart_rx_ctl_i0/CLK
    SLICE_X41Y48         FDRE                                         r  U0/uart_rx_i0/uart_rx_ctl_i0/over_sample_cnt_reg[3]/C
  -------------------------------------------------------------------    -------------------
    SLICE_X41Y48         FDRE (Prop_fdre_C_Q)         0.128     1.601 r  U0/uart_rx_i0/uart_rx_ctl_i0/over_sample_cnt_reg[3]/Q
                         net (fo=6, routed)           0.117     1.718    U0/uart_rx_i0/uart_rx_ctl_i0/over_sample_cnt_reg__0[3]
    SLICE_X41Y48         LUT5 (Prop_lut5_I1_O)        0.098     1.816 r  U0/uart_rx_i0/uart_rx_ctl_i0/over_sample_cnt[2]_i_1/O
                         net (fo=1, routed)           0.000     1.816    U0/uart_rx_i0/uart_rx_ctl_i0/p_0_in[2]
    SLICE_X41Y48         FDRE                                         r  U0/uart_rx_i0/uart_rx_ctl_i0/over_sample_cnt_reg[2]/D
  -------------------------------------------------------------------    -------------------

                         (clock clk_pin rise edge)    0.000     0.000 r  
    H16                                               0.000     0.000 r  clk_pin (IN)
                         net (fo=0)                   0.000     0.000    clk_pin
    H16                  IBUF (Prop_ibuf_I_O)         0.413     0.413 r  clk_pin_IBUF_inst/O
                         net (fo=1, routed)           0.683     1.096    clk_pin_IBUF
    BUFGCTRL_X0Y16       BUFG (Prop_bufg_I_O)         0.029     1.125 r  clk_pin_IBUF_BUFG_inst/O
                         net (fo=47, routed)          0.864     1.989    U0/uart_rx_i0/uart_rx_ctl_i0/CLK
    SLICE_X41Y48         FDRE                                         r  U0/uart_rx_i0/uart_rx_ctl_i0/over_sample_cnt_reg[2]/C
                         clock pessimism             -0.516     1.473    
    SLICE_X41Y48         FDRE (Hold_fdre_C_D)         0.092     1.565    U0/uart_rx_i0/uart_rx_ctl_i0/over_sample_cnt_reg[2]
  -------------------------------------------------------------------
                         required time                         -1.565    
                         arrival time                           1.816    
  -------------------------------------------------------------------
                         slack                                  0.251    





Pulse Width Checks
--------------------------------------------------------------------------------------
Clock Name:         clk_pin
Waveform(ns):       { 0.000 4.000 }
Period(ns):         8.000
Sources:            { clk_pin }

Check Type        Corner  Lib Pin  Reference Pin  Required(ns)  Actual(ns)  Slack(ns)  Location        Pin
Min Period        n/a     BUFG/I   n/a            2.155         8.000       5.845      BUFGCTRL_X0Y16  clk_pin_IBUF_BUFG_inst/I
Min Period        n/a     FDRE/C   n/a            1.000         8.000       7.000      SLICE_X43Y46    U0/led_ctl_i0/char_data_reg[0]/C
Min Period        n/a     FDRE/C   n/a            1.000         8.000       7.000      SLICE_X43Y46    U0/led_ctl_i0/char_data_reg[1]/C
Min Period        n/a     FDRE/C   n/a            1.000         8.000       7.000      SLICE_X42Y49    U0/led_ctl_i0/char_data_reg[2]/C
Min Period        n/a     FDRE/C   n/a            1.000         8.000       7.000      SLICE_X42Y49    U0/led_ctl_i0/char_data_reg[3]/C
Min Period        n/a     FDRE/C   n/a            1.000         8.000       7.000      SLICE_X43Y46    U0/led_ctl_i0/char_data_reg[4]/C
Min Period        n/a     FDRE/C   n/a            1.000         8.000       7.000      SLICE_X43Y46    U0/led_ctl_i0/char_data_reg[5]/C
Min Period        n/a     FDRE/C   n/a            1.000         8.000       7.000      SLICE_X42Y49    U0/led_ctl_i0/char_data_reg[6]/C
Min Period        n/a     FDRE/C   n/a            1.000         8.000       7.000      SLICE_X42Y49    U0/led_ctl_i0/char_data_reg[7]/C
Min Period        n/a     FDRE/C   n/a            1.000         8.000       7.000      SLICE_X43Y39    U0/led_ctl_i0/led_pipeline_reg_reg[0]/C
Low Pulse Width   Fast    FDRE/C   n/a            0.500         4.000       3.500      SLICE_X43Y39    U0/led_ctl_i0/led_pipeline_reg_reg[0]/C
Low Pulse Width   Fast    FDRE/C   n/a            0.500         4.000       3.500      SLICE_X43Y39    U0/led_ctl_i0/led_pipeline_reg_reg[1]/C
Low Pulse Width   Slow    FDRE/C   n/a            0.500         4.000       3.500      SLICE_X43Y54    U0/led_ctl_i0/led_pipeline_reg_reg[2]/C
Low Pulse Width   Slow    FDRE/C   n/a            0.500         4.000       3.500      SLICE_X43Y54    U0/led_ctl_i0/led_pipeline_reg_reg[3]/C
Low Pulse Width   Slow    FDRE/C   n/a            0.500         4.000       3.500      SLICE_X42Y55    U0/meta_harden_btn_i0/signal_dst_reg/C
Low Pulse Width   Slow    FDRE/C   n/a            0.500         4.000       3.500      SLICE_X42Y61    U0/meta_harden_btn_i0/signal_meta_reg/C
Low Pulse Width   Fast    FDRE/C   n/a            0.500         4.000       3.500      SLICE_X42Y61    U0/meta_harden_btn_i0/signal_meta_reg/C
Low Pulse Width   Fast    FDRE/C   n/a            0.500         4.000       3.500      SLICE_X42Y78    U0/meta_harden_rst_i0/signal_meta_reg/C
Low Pulse Width   Slow    FDRE/C   n/a            0.500         4.000       3.500      SLICE_X43Y46    U0/led_ctl_i0/char_data_reg[0]/C
Low Pulse Width   Fast    FDRE/C   n/a            0.500         4.000       3.500      SLICE_X43Y46    U0/led_ctl_i0/char_data_reg[0]/C
High Pulse Width  Fast    FDRE/C   n/a            0.500         4.000       3.500      SLICE_X43Y46    U0/led_ctl_i0/char_data_reg[0]/C
High Pulse Width  Fast    FDRE/C   n/a            0.500         4.000       3.500      SLICE_X43Y46    U0/led_ctl_i0/char_data_reg[1]/C
High Pulse Width  Fast    FDRE/C   n/a            0.500         4.000       3.500      SLICE_X42Y49    U0/led_ctl_i0/char_data_reg[2]/C
High Pulse Width  Fast    FDRE/C   n/a            0.500         4.000       3.500      SLICE_X42Y49    U0/led_ctl_i0/char_data_reg[3]/C
High Pulse Width  Fast    FDRE/C   n/a            0.500         4.000       3.500      SLICE_X43Y46    U0/led_ctl_i0/char_data_reg[4]/C
High Pulse Width  Fast    FDRE/C   n/a            0.500         4.000       3.500      SLICE_X43Y46    U0/led_ctl_i0/char_data_reg[5]/C
High Pulse Width  Fast    FDRE/C   n/a            0.500         4.000       3.500      SLICE_X42Y49    U0/led_ctl_i0/char_data_reg[6]/C
High Pulse Width  Fast    FDRE/C   n/a            0.500         4.000       3.500      SLICE_X42Y49    U0/led_ctl_i0/char_data_reg[7]/C
High Pulse Width  Slow    FDRE/C   n/a            0.500         4.000       3.500      SLICE_X43Y39    U0/led_ctl_i0/led_pipeline_reg_reg[0]/C
High Pulse Width  Slow    FDRE/C   n/a            0.500         4.000       3.500      SLICE_X43Y39    U0/led_ctl_i0/led_pipeline_reg_reg[1]/C



---------------------------------------------------------------------------------------------------
From Clock:  virtual_clock
  To Clock:  clk_pin

Setup :            0  Failing Endpoints,  Worst Slack        5.200ns,  Total Violation        0.000ns
Hold  :            0  Failing Endpoints,  Worst Slack        0.136ns,  Total Violation        0.000ns
---------------------------------------------------------------------------------------------------


Max Delay Paths
--------------------------------------------------------------------------------------
Slack (MET) :             5.200ns  (required time - arrival time)
  Source:                 btn_pin
                            (input port clocked by virtual_clock  {rise@0.000ns fall@4.000ns period=8.000ns})
  Destination:            U0/meta_harden_btn_i0/signal_meta_reg/D
                            (rising edge-triggered cell FDRE clocked by clk_pin  {rise@0.000ns fall@4.000ns period=8.000ns})
  Path Group:             clk_pin
  Path Type:              Setup (Max at Slow Process Corner)
  Requirement:            8.000ns  (clk_pin rise@8.000ns - virtual_clock rise@0.000ns)
  Data Path Delay:        7.662ns  (logic 1.477ns (19.280%)  route 6.184ns (80.720%))
  Logic Levels:           1  (IBUF=1)
  Input Delay:            0.000ns
  Clock Path Skew:        4.918ns (DCD - SCD + CPR)
    Destination Clock Delay (DCD):    4.918ns = ( 12.918 - 8.000 ) 
    Source Clock Delay      (SCD):    0.000ns
    Clock Pessimism Removal (CPR):    0.000ns
  Clock Uncertainty:      0.025ns  ((TSJ^2 + TIJ^2)^1/2 + DJ) / 2 + PE
    Total System Jitter     (TSJ):    0.050ns
    Total Input Jitter      (TIJ):    0.000ns
    Discrete Jitter          (DJ):    0.000ns
    Phase Error              (PE):    0.000ns
  Clock Domain Crossing:  Inter clock paths are considered valid unless explicitly excluded by timing constraints such as set_clock_groups or set_false_path.

    Location             Delay type                Incr(ns)  Path(ns)    Netlist Resource(s)
  -------------------------------------------------------------------    -------------------
                         (clock virtual_clock rise edge)
                                                      0.000     0.000 r  
                         ideal clock network latency
                                                      0.000     0.000    
                         input delay                  0.000     0.000    
    D19                                               0.000     0.000 r  btn_pin (IN)
                         net (fo=0)                   0.000     0.000    btn_pin
    D19                  IBUF (Prop_ibuf_I_O)         1.477     1.477 r  btn_pin_IBUF_inst/O
                         net (fo=1, routed)           6.184     7.662    U0/meta_harden_btn_i0/btn_pin
    SLICE_X42Y61         FDRE                                         r  U0/meta_harden_btn_i0/signal_meta_reg/D
  -------------------------------------------------------------------    -------------------

                         (clock clk_pin rise edge)    8.000     8.000 r  
    H16                                               0.000     8.000 r  clk_pin (IN)
                         net (fo=0)                   0.000     8.000    clk_pin
    H16                  IBUF (Prop_ibuf_I_O)         1.387     9.387 r  clk_pin_IBUF_inst/O
                         net (fo=1, routed)           1.880    11.267    clk_pin_IBUF
    BUFGCTRL_X0Y16       BUFG (Prop_bufg_I_O)         0.091    11.358 r  clk_pin_IBUF_BUFG_inst/O
                         net (fo=47, routed)          1.560    12.918    U0/meta_harden_btn_i0/CLK
    SLICE_X42Y61         FDRE                                         r  U0/meta_harden_btn_i0/signal_meta_reg/C
                         clock pessimism              0.000    12.918    
                         clock uncertainty           -0.025    12.893    
    SLICE_X42Y61         FDRE (Setup_fdre_C_D)       -0.031    12.862    U0/meta_harden_btn_i0/signal_meta_reg
  -------------------------------------------------------------------
                         required time                         12.862    
                         arrival time                          -7.662    
  -------------------------------------------------------------------
                         slack                                  5.200    

Slack (MET) :             5.821ns  (required time - arrival time)
  Source:                 rst_pin
                            (input port clocked by virtual_clock  {rise@0.000ns fall@4.000ns period=8.000ns})
  Destination:            U0/meta_harden_rst_i0/signal_meta_reg/D
                            (rising edge-triggered cell FDRE clocked by clk_pin  {rise@0.000ns fall@4.000ns period=8.000ns})
  Path Group:             clk_pin
  Path Type:              Setup (Max at Slow Process Corner)
  Requirement:            8.000ns  (clk_pin rise@8.000ns - virtual_clock rise@0.000ns)
  Data Path Delay:        7.031ns  (logic 1.509ns (21.466%)  route 5.522ns (78.534%))
  Logic Levels:           1  (IBUF=1)
  Input Delay:            0.000ns
  Clock Path Skew:        4.909ns (DCD - SCD + CPR)
    Destination Clock Delay (DCD):    4.909ns = ( 12.909 - 8.000 ) 
    Source Clock Delay      (SCD):    0.000ns
    Clock Pessimism Removal (CPR):    0.000ns
  Clock Uncertainty:      0.025ns  ((TSJ^2 + TIJ^2)^1/2 + DJ) / 2 + PE
    Total System Jitter     (TSJ):    0.050ns
    Total Input Jitter      (TIJ):    0.000ns
    Discrete Jitter          (DJ):    0.000ns
    Phase Error              (PE):    0.000ns
  Clock Domain Crossing:  Inter clock paths are considered valid unless explicitly excluded by timing constraints such as set_clock_groups or set_false_path.

    Location             Delay type                Incr(ns)  Path(ns)    Netlist Resource(s)
  -------------------------------------------------------------------    -------------------
                         (clock virtual_clock rise edge)
                                                      0.000     0.000 r  
                         ideal clock network latency
                                                      0.000     0.000    
                         input delay                  0.000     0.000    
    L19                                               0.000     0.000 r  rst_pin (IN)
                         net (fo=0)                   0.000     0.000    rst_pin
    L19                  IBUF (Prop_ibuf_I_O)         1.509     1.509 r  rst_pin_IBUF_inst/O
                         net (fo=1, routed)           5.522     7.031    U0/meta_harden_rst_i0/rst_pin_IBUF
    SLICE_X42Y78         FDRE                                         r  U0/meta_harden_rst_i0/signal_meta_reg/D
  -------------------------------------------------------------------    -------------------

                         (clock clk_pin rise edge)    8.000     8.000 r  
    H16                                               0.000     8.000 r  clk_pin (IN)
                         net (fo=0)                   0.000     8.000    clk_pin
    H16                  IBUF (Prop_ibuf_I_O)         1.387     9.387 r  clk_pin_IBUF_inst/O
                         net (fo=1, routed)           1.880    11.267    clk_pin_IBUF
    BUFGCTRL_X0Y16       BUFG (Prop_bufg_I_O)         0.091    11.358 r  clk_pin_IBUF_BUFG_inst/O
                         net (fo=47, routed)          1.551    12.909    U0/meta_harden_rst_i0/CLK
    SLICE_X42Y78         FDRE                                         r  U0/meta_harden_rst_i0/signal_meta_reg/C
                         clock pessimism              0.000    12.909    
                         clock uncertainty           -0.025    12.884    
    SLICE_X42Y78         FDRE (Setup_fdre_C_D)       -0.031    12.853    U0/meta_harden_rst_i0/signal_meta_reg
  -------------------------------------------------------------------
                         required time                         12.853    
                         arrival time                          -7.031    
  -------------------------------------------------------------------
                         slack                                  5.821    





Min Delay Paths
--------------------------------------------------------------------------------------
Slack (MET) :             0.136ns  (arrival time - required time)
  Source:                 rst_pin
                            (input port clocked by virtual_clock  {rise@0.000ns fall@4.000ns period=8.000ns})
  Destination:            U0/meta_harden_rst_i0/signal_meta_reg/D
                            (rising edge-triggered cell FDRE clocked by clk_pin  {rise@0.000ns fall@4.000ns period=8.000ns})
  Path Group:             clk_pin
  Path Type:              Hold (Min at Slow Process Corner)
  Requirement:            0.000ns  (clk_pin rise@0.000ns - virtual_clock rise@0.000ns)
  Data Path Delay:        6.264ns  (logic 1.438ns (22.963%)  route 4.826ns (77.037%))
  Logic Levels:           1  (IBUF=1)
  Input Delay:            -0.500ns
  Clock Path Skew:        5.360ns (DCD - SCD - CPR)
    Destination Clock Delay (DCD):    5.360ns
    Source Clock Delay      (SCD):    0.000ns
    Clock Pessimism Removal (CPR):    -0.000ns
  Clock Uncertainty:      0.025ns  ((TSJ^2 + TIJ^2)^1/2 + DJ) / 2 + PE
    Total System Jitter     (TSJ):    0.050ns
    Total Input Jitter      (TIJ):    0.000ns
    Discrete Jitter          (DJ):    0.000ns
    Phase Error              (PE):    0.000ns
  Clock Domain Crossing:  Inter clock paths are considered valid unless explicitly excluded by timing constraints such as set_clock_groups or set_false_path.

    Location             Delay type                Incr(ns)  Path(ns)    Netlist Resource(s)
  -------------------------------------------------------------------    -------------------
                         (clock virtual_clock rise edge)
                                                      0.000     0.000 r  
                         ideal clock network latency
                                                      0.000     0.000    
                         input delay                 -0.500    -0.500    
    L19                                               0.000    -0.500 r  rst_pin (IN)
                         net (fo=0)                   0.000    -0.500    rst_pin
    L19                  IBUF (Prop_ibuf_I_O)         1.438     0.938 r  rst_pin_IBUF_inst/O
                         net (fo=1, routed)           4.826     5.764    U0/meta_harden_rst_i0/rst_pin_IBUF
    SLICE_X42Y78         FDRE                                         r  U0/meta_harden_rst_i0/signal_meta_reg/D
  -------------------------------------------------------------------    -------------------

                         (clock clk_pin rise edge)    0.000     0.000 r  
    H16                                               0.000     0.000 r  clk_pin (IN)
                         net (fo=0)                   0.000     0.000    clk_pin
    H16                  IBUF (Prop_ibuf_I_O)         1.457     1.457 r  clk_pin_IBUF_inst/O
                         net (fo=1, routed)           2.076     3.533    clk_pin_IBUF
    BUFGCTRL_X0Y16       BUFG (Prop_bufg_I_O)         0.101     3.634 r  clk_pin_IBUF_BUFG_inst/O
                         net (fo=47, routed)          1.726     5.360    U0/meta_harden_rst_i0/CLK
    SLICE_X42Y78         FDRE                                         r  U0/meta_harden_rst_i0/signal_meta_reg/C
                         clock pessimism              0.000     5.360    
                         clock uncertainty            0.025     5.385    
    SLICE_X42Y78         FDRE (Hold_fdre_C_D)         0.243     5.628    U0/meta_harden_rst_i0/signal_meta_reg
  -------------------------------------------------------------------
                         required time                         -5.628    
                         arrival time                           5.764    
  -------------------------------------------------------------------
                         slack                                  0.136    

Slack (MET) :             0.294ns  (arrival time - required time)
  Source:                 btn_pin
                            (input port clocked by virtual_clock  {rise@0.000ns fall@4.000ns period=8.000ns})
  Destination:            U0/meta_harden_btn_i0/signal_meta_reg/D
                            (rising edge-triggered cell FDRE clocked by clk_pin  {rise@0.000ns fall@4.000ns period=8.000ns})
  Path Group:             clk_pin
  Path Type:              Hold (Min at Fast Process Corner)
  Requirement:            0.000ns  (clk_pin rise@0.000ns - virtual_clock rise@0.000ns)
  Data Path Delay:        2.858ns  (logic 0.245ns (8.572%)  route 2.613ns (91.428%))
  Logic Levels:           1  (IBUF=1)
  Input Delay:            -0.500ns
  Clock Path Skew:        1.981ns (DCD - SCD - CPR)
    Destination Clock Delay (DCD):    1.981ns
    Source Clock Delay      (SCD):    0.000ns
    Clock Pessimism Removal (CPR):    -0.000ns
  Clock Uncertainty:      0.025ns  ((TSJ^2 + TIJ^2)^1/2 + DJ) / 2 + PE
    Total System Jitter     (TSJ):    0.050ns
    Total Input Jitter      (TIJ):    0.000ns
    Discrete Jitter          (DJ):    0.000ns
    Phase Error              (PE):    0.000ns
  Clock Domain Crossing:  Inter clock paths are considered valid unless explicitly excluded by timing constraints such as set_clock_groups or set_false_path.

    Location             Delay type                Incr(ns)  Path(ns)    Netlist Resource(s)
  -------------------------------------------------------------------    -------------------
                         (clock virtual_clock rise edge)
                                                      0.000     0.000 r  
                         ideal clock network latency
                                                      0.000     0.000    
                         input delay                 -0.500    -0.500    
    D19                                               0.000    -0.500 r  btn_pin (IN)
                         net (fo=0)                   0.000    -0.500    btn_pin
    D19                  IBUF (Prop_ibuf_I_O)         0.245    -0.255 r  btn_pin_IBUF_inst/O
                         net (fo=1, routed)           2.613     2.358    U0/meta_harden_btn_i0/btn_pin
    SLICE_X42Y61         FDRE                                         r  U0/meta_harden_btn_i0/signal_meta_reg/D
  -------------------------------------------------------------------    -------------------

                         (clock clk_pin rise edge)    0.000     0.000 r  
    H16                                               0.000     0.000 r  clk_pin (IN)
                         net (fo=0)                   0.000     0.000    clk_pin
    H16                  IBUF (Prop_ibuf_I_O)         0.413     0.413 r  clk_pin_IBUF_inst/O
                         net (fo=1, routed)           0.683     1.096    clk_pin_IBUF
    BUFGCTRL_X0Y16       BUFG (Prop_bufg_I_O)         0.029     1.125 r  clk_pin_IBUF_BUFG_inst/O
                         net (fo=47, routed)          0.856     1.981    U0/meta_harden_btn_i0/CLK
    SLICE_X42Y61         FDRE                                         r  U0/meta_harden_btn_i0/signal_meta_reg/C
                         clock pessimism              0.000     1.981    
                         clock uncertainty            0.025     2.006    
    SLICE_X42Y61         FDRE (Hold_fdre_C_D)         0.059     2.065    U0/meta_harden_btn_i0/signal_meta_reg
  -------------------------------------------------------------------
                         required time                         -2.065    
                         arrival time                           2.358    
  -------------------------------------------------------------------
                         slack                                  0.294    





---------------------------------------------------------------------------------------------------
From Clock:  clk_pin
  To Clock:  virtual_clock

Setup :            4  Failing Endpoints,  Worst Slack       -0.449ns,  Total Violation       -1.422ns
Hold  :            0  Failing Endpoints,  Worst Slack        0.059ns,  Total Violation        0.000ns
---------------------------------------------------------------------------------------------------


Max Delay Paths
--------------------------------------------------------------------------------------
Slack (VIOLATED) :        -0.449ns  (required time - arrival time)
  Source:                 U0/led_ctl_i0/led_pipeline_reg_reg[3]/C
                            (rising edge-triggered cell FDRE clocked by clk_pin  {rise@0.000ns fall@4.000ns period=8.000ns})
  Destination:            led_pins[3]
                            (output port clocked by virtual_clock  {rise@0.000ns fall@4.000ns period=8.000ns})
  Path Group:             virtual_clock
  Path Type:              Max at Slow Process Corner
  Requirement:            8.000ns  (virtual_clock rise@8.000ns - clk_pin rise@0.000ns)
  Data Path Delay:        6.350ns  (logic 4.122ns (64.915%)  route 2.228ns (35.085%))
  Logic Levels:           1  (OBUF=1)
  Output Delay:           -3.300ns
  Clock Path Skew:        -5.374ns (DCD - SCD + CPR)
    Destination Clock Delay (DCD):    0.000ns = ( 8.000 - 8.000 ) 
    Source Clock Delay      (SCD):    5.374ns
    Clock Pessimism Removal (CPR):    0.000ns
  Clock Uncertainty:      0.025ns  ((TSJ^2 + TIJ^2)^1/2 + DJ) / 2 + PE
    Total System Jitter     (TSJ):    0.050ns
    Total Input Jitter      (TIJ):    0.000ns
    Discrete Jitter          (DJ):    0.000ns
    Phase Error              (PE):    0.000ns
  Clock Domain Crossing:  Inter clock paths are considered valid unless explicitly excluded by timing constraints such as set_clock_groups or set_false_path.

    Location             Delay type                Incr(ns)  Path(ns)    Netlist Resource(s)
  -------------------------------------------------------------------    -------------------
                         (clock clk_pin rise edge)    0.000     0.000 r  
    H16                                               0.000     0.000 r  clk_pin (IN)
                         net (fo=0)                   0.000     0.000    clk_pin
    H16                  IBUF (Prop_ibuf_I_O)         1.457     1.457 r  clk_pin_IBUF_inst/O
                         net (fo=1, routed)           2.076     3.533    clk_pin_IBUF
    BUFGCTRL_X0Y16       BUFG (Prop_bufg_I_O)         0.101     3.634 r  clk_pin_IBUF_BUFG_inst/O
                         net (fo=47, routed)          1.740     5.374    U0/led_ctl_i0/CLK
    SLICE_X43Y54         FDRE                                         r  U0/led_ctl_i0/led_pipeline_reg_reg[3]/C
  -------------------------------------------------------------------    -------------------
    SLICE_X43Y54         FDRE (Prop_fdre_C_Q)         0.419     5.793 r  U0/led_ctl_i0/led_pipeline_reg_reg[3]/Q
                         net (fo=1, routed)           2.228     8.021    led_pins_OBUF[3]
    M14                  OBUF (Prop_obuf_I_O)         3.703    11.724 r  led_pins_OBUF[3]_inst/O
                         net (fo=0)                   0.000    11.724    led_pins[3]
    M14                                                               r  led_pins[3] (OUT)
  -------------------------------------------------------------------    -------------------

                         (clock virtual_clock rise edge)
                                                      8.000     8.000 r  
                         ideal clock network latency
                                                      0.000     8.000    
                         clock pessimism              0.000     8.000    
                         clock uncertainty           -0.025     7.975    
                         output delay                 3.300    11.275    
  -------------------------------------------------------------------
                         required time                         11.275    
                         arrival time                         -11.724    
  -------------------------------------------------------------------
                         slack                                 -0.449    

Slack (VIOLATED) :        -0.387ns  (required time - arrival time)
  Source:                 U0/led_ctl_i0/led_pipeline_reg_reg[2]/C
                            (rising edge-triggered cell FDRE clocked by clk_pin  {rise@0.000ns fall@4.000ns period=8.000ns})
  Destination:            led_pins[2]
                            (output port clocked by virtual_clock  {rise@0.000ns fall@4.000ns period=8.000ns})
  Path Group:             virtual_clock
  Path Type:              Max at Slow Process Corner
  Requirement:            8.000ns  (virtual_clock rise@8.000ns - clk_pin rise@0.000ns)
  Data Path Delay:        6.287ns  (logic 3.985ns (63.382%)  route 2.302ns (36.618%))
  Logic Levels:           1  (OBUF=1)
  Output Delay:           -3.300ns
  Clock Path Skew:        -5.374ns (DCD - SCD + CPR)
    Destination Clock Delay (DCD):    0.000ns = ( 8.000 - 8.000 ) 
    Source Clock Delay      (SCD):    5.374ns
    Clock Pessimism Removal (CPR):    0.000ns
  Clock Uncertainty:      0.025ns  ((TSJ^2 + TIJ^2)^1/2 + DJ) / 2 + PE
    Total System Jitter     (TSJ):    0.050ns
    Total Input Jitter      (TIJ):    0.000ns
    Discrete Jitter          (DJ):    0.000ns
    Phase Error              (PE):    0.000ns
  Clock Domain Crossing:  Inter clock paths are considered valid unless explicitly excluded by timing constraints such as set_clock_groups or set_false_path.

    Location             Delay type                Incr(ns)  Path(ns)    Netlist Resource(s)
  -------------------------------------------------------------------    -------------------
                         (clock clk_pin rise edge)    0.000     0.000 r  
    H16                                               0.000     0.000 r  clk_pin (IN)
                         net (fo=0)                   0.000     0.000    clk_pin
    H16                  IBUF (Prop_ibuf_I_O)         1.457     1.457 r  clk_pin_IBUF_inst/O
                         net (fo=1, routed)           2.076     3.533    clk_pin_IBUF
    BUFGCTRL_X0Y16       BUFG (Prop_bufg_I_O)         0.101     3.634 r  clk_pin_IBUF_BUFG_inst/O
                         net (fo=47, routed)          1.740     5.374    U0/led_ctl_i0/CLK
    SLICE_X43Y54         FDRE                                         r  U0/led_ctl_i0/led_pipeline_reg_reg[2]/C
  -------------------------------------------------------------------    -------------------
    SLICE_X43Y54         FDRE (Prop_fdre_C_Q)         0.456     5.830 r  U0/led_ctl_i0/led_pipeline_reg_reg[2]/Q
                         net (fo=1, routed)           2.302     8.133    led_pins_OBUF[2]
    N16                  OBUF (Prop_obuf_I_O)         3.529    11.662 r  led_pins_OBUF[2]_inst/O
                         net (fo=0)                   0.000    11.662    led_pins[2]
    N16                                                               r  led_pins[2] (OUT)
  -------------------------------------------------------------------    -------------------

                         (clock virtual_clock rise edge)
                                                      8.000     8.000 r  
                         ideal clock network latency
                                                      0.000     8.000    
                         clock pessimism              0.000     8.000    
                         clock uncertainty           -0.025     7.975    
                         output delay                 3.300    11.275    
  -------------------------------------------------------------------
                         required time                         11.275    
                         arrival time                         -11.662    
  -------------------------------------------------------------------
                         slack                                 -0.387    

Slack (VIOLATED) :        -0.364ns  (required time - arrival time)
  Source:                 U0/led_ctl_i0/led_pipeline_reg_reg[1]/C
                            (rising edge-triggered cell FDRE clocked by clk_pin  {rise@0.000ns fall@4.000ns period=8.000ns})
  Destination:            led_pins[1]
                            (output port clocked by virtual_clock  {rise@0.000ns fall@4.000ns period=8.000ns})
  Path Group:             virtual_clock
  Path Type:              Max at Slow Process Corner
  Requirement:            8.000ns  (virtual_clock rise@8.000ns - clk_pin rise@0.000ns)
  Data Path Delay:        6.249ns  (logic 4.166ns (66.666%)  route 2.083ns (33.334%))
  Logic Levels:           1  (OBUF=1)
  Output Delay:           -3.300ns
  Clock Path Skew:        -5.389ns (DCD - SCD + CPR)
    Destination Clock Delay (DCD):    0.000ns = ( 8.000 - 8.000 ) 
    Source Clock Delay      (SCD):    5.389ns
    Clock Pessimism Removal (CPR):    0.000ns
  Clock Uncertainty:      0.025ns  ((TSJ^2 + TIJ^2)^1/2 + DJ) / 2 + PE
    Total System Jitter     (TSJ):    0.050ns
    Total Input Jitter      (TIJ):    0.000ns
    Discrete Jitter          (DJ):    0.000ns
    Phase Error              (PE):    0.000ns
  Clock Domain Crossing:  Inter clock paths are considered valid unless explicitly excluded by timing constraints such as set_clock_groups or set_false_path.

    Location             Delay type                Incr(ns)  Path(ns)    Netlist Resource(s)
  -------------------------------------------------------------------    -------------------
                         (clock clk_pin rise edge)    0.000     0.000 r  
    H16                                               0.000     0.000 r  clk_pin (IN)
                         net (fo=0)                   0.000     0.000    clk_pin
    H16                  IBUF (Prop_ibuf_I_O)         1.457     1.457 r  clk_pin_IBUF_inst/O
                         net (fo=1, routed)           2.076     3.533    clk_pin_IBUF
    BUFGCTRL_X0Y16       BUFG (Prop_bufg_I_O)         0.101     3.634 r  clk_pin_IBUF_BUFG_inst/O
                         net (fo=47, routed)          1.755     5.389    U0/led_ctl_i0/CLK
    SLICE_X43Y39         FDRE                                         r  U0/led_ctl_i0/led_pipeline_reg_reg[1]/C
  -------------------------------------------------------------------    -------------------
    SLICE_X43Y39         FDRE (Prop_fdre_C_Q)         0.419     5.808 r  U0/led_ctl_i0/led_pipeline_reg_reg[1]/Q
                         net (fo=1, routed)           2.083     7.891    led_pins_OBUF[1]
    P14                  OBUF (Prop_obuf_I_O)         3.747    11.639 r  led_pins_OBUF[1]_inst/O
                         net (fo=0)                   0.000    11.639    led_pins[1]
    P14                                                               r  led_pins[1] (OUT)
  -------------------------------------------------------------------    -------------------

                         (clock virtual_clock rise edge)
                                                      8.000     8.000 r  
                         ideal clock network latency
                                                      0.000     8.000    
                         clock pessimism              0.000     8.000    
                         clock uncertainty           -0.025     7.975    
                         output delay                 3.300    11.275    
  -------------------------------------------------------------------
                         required time                         11.275    
                         arrival time                         -11.639    
  -------------------------------------------------------------------
                         slack                                 -0.364    

Slack (VIOLATED) :        -0.223ns  (required time - arrival time)
  Source:                 U0/led_ctl_i0/led_pipeline_reg_reg[0]/C
                            (rising edge-triggered cell FDRE clocked by clk_pin  {rise@0.000ns fall@4.000ns period=8.000ns})
  Destination:            led_pins[0]
                            (output port clocked by virtual_clock  {rise@0.000ns fall@4.000ns period=8.000ns})
  Path Group:             virtual_clock
  Path Type:              Max at Slow Process Corner
  Requirement:            8.000ns  (virtual_clock rise@8.000ns - clk_pin rise@0.000ns)
  Data Path Delay:        6.109ns  (logic 4.023ns (65.859%)  route 2.086ns (34.141%))
  Logic Levels:           1  (OBUF=1)
  Output Delay:           -3.300ns
  Clock Path Skew:        -5.389ns (DCD - SCD + CPR)
    Destination Clock Delay (DCD):    0.000ns = ( 8.000 - 8.000 ) 
    Source Clock Delay      (SCD):    5.389ns
    Clock Pessimism Removal (CPR):    0.000ns
  Clock Uncertainty:      0.025ns  ((TSJ^2 + TIJ^2)^1/2 + DJ) / 2 + PE
    Total System Jitter     (TSJ):    0.050ns
    Total Input Jitter      (TIJ):    0.000ns
    Discrete Jitter          (DJ):    0.000ns
    Phase Error              (PE):    0.000ns
  Clock Domain Crossing:  Inter clock paths are considered valid unless explicitly excluded by timing constraints such as set_clock_groups or set_false_path.

    Location             Delay type                Incr(ns)  Path(ns)    Netlist Resource(s)
  -------------------------------------------------------------------    -------------------
                         (clock clk_pin rise edge)    0.000     0.000 r  
    H16                                               0.000     0.000 r  clk_pin (IN)
                         net (fo=0)                   0.000     0.000    clk_pin
    H16                  IBUF (Prop_ibuf_I_O)         1.457     1.457 r  clk_pin_IBUF_inst/O
                         net (fo=1, routed)           2.076     3.533    clk_pin_IBUF
    BUFGCTRL_X0Y16       BUFG (Prop_bufg_I_O)         0.101     3.634 r  clk_pin_IBUF_BUFG_inst/O
                         net (fo=47, routed)          1.755     5.389    U0/led_ctl_i0/CLK
    SLICE_X43Y39         FDRE                                         r  U0/led_ctl_i0/led_pipeline_reg_reg[0]/C
  -------------------------------------------------------------------    -------------------
    SLICE_X43Y39         FDRE (Prop_fdre_C_Q)         0.456     5.845 r  U0/led_ctl_i0/led_pipeline_reg_reg[0]/Q
                         net (fo=1, routed)           2.086     7.931    led_pins_OBUF[0]
    R14                  OBUF (Prop_obuf_I_O)         3.567    11.498 r  led_pins_OBUF[0]_inst/O
                         net (fo=0)                   0.000    11.498    led_pins[0]
    R14                                                               r  led_pins[0] (OUT)
  -------------------------------------------------------------------    -------------------

                         (clock virtual_clock rise edge)
                                                      8.000     8.000 r  
                         ideal clock network latency
                                                      0.000     8.000    
                         clock pessimism              0.000     8.000    
                         clock uncertainty           -0.025     7.975    
                         output delay                 3.300    11.275    
  -------------------------------------------------------------------
                         required time                         11.275    
                         arrival time                         -11.498    
  -------------------------------------------------------------------
                         slack                                 -0.223    





Min Delay Paths
--------------------------------------------------------------------------------------
Slack (MET) :             0.059ns  (arrival time - required time)
  Source:                 U0/led_ctl_i0/led_pipeline_reg_reg[0]/C
                            (rising edge-triggered cell FDRE clocked by clk_pin  {rise@0.000ns fall@4.000ns period=8.000ns})
  Destination:            led_pins[0]
                            (output port clocked by virtual_clock  {rise@0.000ns fall@4.000ns period=8.000ns})
  Path Group:             virtual_clock
  Path Type:              Min at Fast Process Corner
  Requirement:            0.000ns  (virtual_clock rise@0.000ns - clk_pin rise@0.000ns)
  Data Path Delay:        1.914ns  (logic 1.409ns (73.588%)  route 0.506ns (26.412%))
  Logic Levels:           1  (OBUF=1)
  Output Delay:           -3.300ns
  Clock Path Skew:        -1.470ns (DCD - SCD - CPR)
    Destination Clock Delay (DCD):    0.000ns
    Source Clock Delay      (SCD):    1.470ns
    Clock Pessimism Removal (CPR):    -0.000ns
  Clock Uncertainty:      0.025ns  ((TSJ^2 + TIJ^2)^1/2 + DJ) / 2 + PE
    Total System Jitter     (TSJ):    0.050ns
    Total Input Jitter      (TIJ):    0.000ns
    Discrete Jitter          (DJ):    0.000ns
    Phase Error              (PE):    0.000ns
  Clock Domain Crossing:  Inter clock paths are considered valid unless explicitly excluded by timing constraints such as set_clock_groups or set_false_path.

    Location             Delay type                Incr(ns)  Path(ns)    Netlist Resource(s)
  -------------------------------------------------------------------    -------------------
                         (clock clk_pin rise edge)    0.000     0.000 r  
    H16                                               0.000     0.000 r  clk_pin (IN)
                         net (fo=0)                   0.000     0.000    clk_pin
    H16                  IBUF (Prop_ibuf_I_O)         0.225     0.225 r  clk_pin_IBUF_inst/O
                         net (fo=1, routed)           0.627     0.852    clk_pin_IBUF
    BUFGCTRL_X0Y16       BUFG (Prop_bufg_I_O)         0.026     0.878 r  clk_pin_IBUF_BUFG_inst/O
                         net (fo=47, routed)          0.592     1.470    U0/led_ctl_i0/CLK
    SLICE_X43Y39         FDRE                                         r  U0/led_ctl_i0/led_pipeline_reg_reg[0]/C
  -------------------------------------------------------------------    -------------------
    SLICE_X43Y39         FDRE (Prop_fdre_C_Q)         0.141     1.611 r  U0/led_ctl_i0/led_pipeline_reg_reg[0]/Q
                         net (fo=1, routed)           0.506     2.117    led_pins_OBUF[0]
    R14                  OBUF (Prop_obuf_I_O)         1.268     3.384 r  led_pins_OBUF[0]_inst/O
                         net (fo=0)                   0.000     3.384    led_pins[0]
    R14                                                               r  led_pins[0] (OUT)
  -------------------------------------------------------------------    -------------------

                         (clock virtual_clock rise edge)
                                                      0.000     0.000 r  
                         ideal clock network latency
                                                      0.000     0.000    
                         clock pessimism              0.000     0.000    
                         clock uncertainty            0.025     0.025    
                         output delay                 3.300     3.325    
  -------------------------------------------------------------------
                         required time                         -3.325    
                         arrival time                           3.384    
  -------------------------------------------------------------------
                         slack                                  0.059    

Slack (MET) :             0.075ns  (arrival time - required time)
  Source:                 U0/led_ctl_i0/led_pipeline_reg_reg[2]/C
                            (rising edge-triggered cell FDRE clocked by clk_pin  {rise@0.000ns fall@4.000ns period=8.000ns})
  Destination:            led_pins[2]
                            (output port clocked by virtual_clock  {rise@0.000ns fall@4.000ns period=8.000ns})
  Path Group:             virtual_clock
  Path Type:              Min at Fast Process Corner
  Requirement:            0.000ns  (virtual_clock rise@0.000ns - clk_pin rise@0.000ns)
  Data Path Delay:        1.934ns  (logic 1.371ns (70.877%)  route 0.563ns (29.123%))
  Logic Levels:           1  (OBUF=1)
  Output Delay:           -3.300ns
  Clock Path Skew:        -1.466ns (DCD - SCD - CPR)
    Destination Clock Delay (DCD):    0.000ns
    Source Clock Delay      (SCD):    1.466ns
    Clock Pessimism Removal (CPR):    -0.000ns
  Clock Uncertainty:      0.025ns  ((TSJ^2 + TIJ^2)^1/2 + DJ) / 2 + PE
    Total System Jitter     (TSJ):    0.050ns
    Total Input Jitter      (TIJ):    0.000ns
    Discrete Jitter          (DJ):    0.000ns
    Phase Error              (PE):    0.000ns
  Clock Domain Crossing:  Inter clock paths are considered valid unless explicitly excluded by timing constraints such as set_clock_groups or set_false_path.

    Location             Delay type                Incr(ns)  Path(ns)    Netlist Resource(s)
  -------------------------------------------------------------------    -------------------
                         (clock clk_pin rise edge)    0.000     0.000 r  
    H16                                               0.000     0.000 r  clk_pin (IN)
                         net (fo=0)                   0.000     0.000    clk_pin
    H16                  IBUF (Prop_ibuf_I_O)         0.225     0.225 r  clk_pin_IBUF_inst/O
                         net (fo=1, routed)           0.627     0.852    clk_pin_IBUF
    BUFGCTRL_X0Y16       BUFG (Prop_bufg_I_O)         0.026     0.878 r  clk_pin_IBUF_BUFG_inst/O
                         net (fo=47, routed)          0.588     1.466    U0/led_ctl_i0/CLK
    SLICE_X43Y54         FDRE                                         r  U0/led_ctl_i0/led_pipeline_reg_reg[2]/C
  -------------------------------------------------------------------    -------------------
    SLICE_X43Y54         FDRE (Prop_fdre_C_Q)         0.141     1.607 r  U0/led_ctl_i0/led_pipeline_reg_reg[2]/Q
                         net (fo=1, routed)           0.563     2.170    led_pins_OBUF[2]
    N16                  OBUF (Prop_obuf_I_O)         1.230     3.400 r  led_pins_OBUF[2]_inst/O
                         net (fo=0)                   0.000     3.400    led_pins[2]
    N16                                                               r  led_pins[2] (OUT)
  -------------------------------------------------------------------    -------------------

                         (clock virtual_clock rise edge)
                                                      0.000     0.000 r  
                         ideal clock network latency
                                                      0.000     0.000    
                         clock pessimism              0.000     0.000    
                         clock uncertainty            0.025     0.025    
                         output delay                 3.300     3.325    
  -------------------------------------------------------------------
                         required time                         -3.325    
                         arrival time                           3.400    
  -------------------------------------------------------------------
                         slack                                  0.075    

Slack (MET) :             0.087ns  (arrival time - required time)
  Source:                 U0/led_ctl_i0/led_pipeline_reg_reg[1]/C
                            (rising edge-triggered cell FDRE clocked by clk_pin  {rise@0.000ns fall@4.000ns period=8.000ns})
  Destination:            led_pins[1]
                            (output port clocked by virtual_clock  {rise@0.000ns fall@4.000ns period=8.000ns})
  Path Group:             virtual_clock
  Path Type:              Min at Fast Process Corner
  Requirement:            0.000ns  (virtual_clock rise@0.000ns - clk_pin rise@0.000ns)
  Data Path Delay:        1.942ns  (logic 1.454ns (74.861%)  route 0.488ns (25.139%))
  Logic Levels:           1  (OBUF=1)
  Output Delay:           -3.300ns
  Clock Path Skew:        -1.470ns (DCD - SCD - CPR)
    Destination Clock Delay (DCD):    0.000ns
    Source Clock Delay      (SCD):    1.470ns
    Clock Pessimism Removal (CPR):    -0.000ns
  Clock Uncertainty:      0.025ns  ((TSJ^2 + TIJ^2)^1/2 + DJ) / 2 + PE
    Total System Jitter     (TSJ):    0.050ns
    Total Input Jitter      (TIJ):    0.000ns
    Discrete Jitter          (DJ):    0.000ns
    Phase Error              (PE):    0.000ns
  Clock Domain Crossing:  Inter clock paths are considered valid unless explicitly excluded by timing constraints such as set_clock_groups or set_false_path.

    Location             Delay type                Incr(ns)  Path(ns)    Netlist Resource(s)
  -------------------------------------------------------------------    -------------------
                         (clock clk_pin rise edge)    0.000     0.000 r  
    H16                                               0.000     0.000 r  clk_pin (IN)
                         net (fo=0)                   0.000     0.000    clk_pin
    H16                  IBUF (Prop_ibuf_I_O)         0.225     0.225 r  clk_pin_IBUF_inst/O
                         net (fo=1, routed)           0.627     0.852    clk_pin_IBUF
    BUFGCTRL_X0Y16       BUFG (Prop_bufg_I_O)         0.026     0.878 r  clk_pin_IBUF_BUFG_inst/O
                         net (fo=47, routed)          0.592     1.470    U0/led_ctl_i0/CLK
    SLICE_X43Y39         FDRE                                         r  U0/led_ctl_i0/led_pipeline_reg_reg[1]/C
  -------------------------------------------------------------------    -------------------
    SLICE_X43Y39         FDRE (Prop_fdre_C_Q)         0.128     1.598 r  U0/led_ctl_i0/led_pipeline_reg_reg[1]/Q
                         net (fo=1, routed)           0.488     2.086    led_pins_OBUF[1]
    P14                  OBUF (Prop_obuf_I_O)         1.326     3.412 r  led_pins_OBUF[1]_inst/O
                         net (fo=0)                   0.000     3.412    led_pins[1]
    P14                                                               r  led_pins[1] (OUT)
  -------------------------------------------------------------------    -------------------

                         (clock virtual_clock rise edge)
                                                      0.000     0.000 r  
                         ideal clock network latency
                                                      0.000     0.000    
                         clock pessimism              0.000     0.000    
                         clock uncertainty            0.025     0.025    
                         output delay                 3.300     3.325    
  -------------------------------------------------------------------
                         required time                         -3.325    
                         arrival time                           3.412    
  -------------------------------------------------------------------
                         slack                                  0.087    

Slack (MET) :             0.088ns  (arrival time - required time)
  Source:                 U0/led_ctl_i0/led_pipeline_reg_reg[3]/C
                            (rising edge-triggered cell FDRE clocked by clk_pin  {rise@0.000ns fall@4.000ns period=8.000ns})
  Destination:            led_pins[3]
                            (output port clocked by virtual_clock  {rise@0.000ns fall@4.000ns period=8.000ns})
  Path Group:             virtual_clock
  Path Type:              Min at Fast Process Corner
  Requirement:            0.000ns  (virtual_clock rise@0.000ns - clk_pin rise@0.000ns)
  Data Path Delay:        1.947ns  (logic 1.413ns (72.575%)  route 0.534ns (27.425%))
  Logic Levels:           1  (OBUF=1)
  Output Delay:           -3.300ns
  Clock Path Skew:        -1.466ns (DCD - SCD - CPR)
    Destination Clock Delay (DCD):    0.000ns
    Source Clock Delay      (SCD):    1.466ns
    Clock Pessimism Removal (CPR):    -0.000ns
  Clock Uncertainty:      0.025ns  ((TSJ^2 + TIJ^2)^1/2 + DJ) / 2 + PE
    Total System Jitter     (TSJ):    0.050ns
    Total Input Jitter      (TIJ):    0.000ns
    Discrete Jitter          (DJ):    0.000ns
    Phase Error              (PE):    0.000ns
  Clock Domain Crossing:  Inter clock paths are considered valid unless explicitly excluded by timing constraints such as set_clock_groups or set_false_path.

    Location             Delay type                Incr(ns)  Path(ns)    Netlist Resource(s)
  -------------------------------------------------------------------    -------------------
                         (clock clk_pin rise edge)    0.000     0.000 r  
    H16                                               0.000     0.000 r  clk_pin (IN)
                         net (fo=0)                   0.000     0.000    clk_pin
    H16                  IBUF (Prop_ibuf_I_O)         0.225     0.225 r  clk_pin_IBUF_inst/O
                         net (fo=1, routed)           0.627     0.852    clk_pin_IBUF
    BUFGCTRL_X0Y16       BUFG (Prop_bufg_I_O)         0.026     0.878 r  clk_pin_IBUF_BUFG_inst/O
                         net (fo=47, routed)          0.588     1.466    U0/led_ctl_i0/CLK
    SLICE_X43Y54         FDRE                                         r  U0/led_ctl_i0/led_pipeline_reg_reg[3]/C
  -------------------------------------------------------------------    -------------------
    SLICE_X43Y54         FDRE (Prop_fdre_C_Q)         0.128     1.594 r  U0/led_ctl_i0/led_pipeline_reg_reg[3]/Q
                         net (fo=1, routed)           0.534     2.128    led_pins_OBUF[3]
    M14                  OBUF (Prop_obuf_I_O)         1.285     3.413 r  led_pins_OBUF[3]_inst/O
                         net (fo=0)                   0.000     3.413    led_pins[3]
    M14                                                               r  led_pins[3] (OUT)
  -------------------------------------------------------------------    -------------------

                         (clock virtual_clock rise edge)
                                                      0.000     0.000 r  
                         ideal clock network latency
                                                      0.000     0.000    
                         clock pessimism              0.000     0.000    
                         clock uncertainty            0.025     0.025    
                         output delay                 3.300     3.325    
  -------------------------------------------------------------------
                         required time                         -3.325    
                         arrival time                           3.413    
  -------------------------------------------------------------------
                         slack                                  0.088    





